"TimeNum","smooth_x","smooth_y"
0,NA,"p"
300,NA,"o"
600,NA,"o"
900,NA,"o"
963,393414.08568116,"o"
1200,NA,"o"
1500,NA,"o"
1800,NA,"p"
2100,NA,"o"
2400,NA,"o"
2700,NA,"o"
3000,NA,"o"
3300,NA,"o"
3600,NA,"p"
3900,NA,"o"
4200,NA,"o"
4500,NA,"o"
4800,NA,"o"
5100,NA,"o"
5400,NA,"p"
5700,NA,"o"
6000,NA,"o"
6300,NA,"o"
6600,NA,"o"
6900,NA,"o"
7200,NA,"p"
7500,NA,"o"
7800,NA,"o"
8100,NA,"o"
8400,NA,"o"
8700,NA,"o"
9000,NA,"p"
9300,NA,"o"
9600,NA,"o"
9723,397821.30650326,"o"
9900,NA,"o"
10025,398164.53765747,"o"
10200,NA,"o"
10500,NA,"o"
10800,NA,"p"
11100,NA,"o"
11400,NA,"o"
11502,399764.61195868,"o"
11700,NA,"o"
11821,399939.341562407,"o"
12000,NA,"o"
12300,NA,"o"
12600,NA,"p"
12900,NA,"o"
13200,NA,"o"
13500,NA,"o"
13800,NA,"o"
14042,403070.502986589,"o"
14100,NA,"o"
14340,403203.960924464,"o"
14400,NA,"p"
14700,NA,"o"
15000,NA,"o"
15300,NA,"o"
15600,NA,"o"
15900,NA,"o"
16200,NA,"p"
16215,404860.117532068,"o"
16500,NA,"o"
16504,404985.609864299,"o"
16800,NA,"o"
17100,NA,"o"
17400,NA,"o"
17700,NA,"o"
18000,NA,"p"
18296,406849.130168936,"o"
18300,NA,"o"
18600,NA,"o"
18601,406984.094903058,"o"
18900,NA,"o"
19200,NA,"o"
19500,NA,"o"
19788,407709.480917659,"o"
19800,NA,"p"
20100,NA,"o"
20102,407843.898039914,"o"
20400,NA,"o"
20700,NA,"o"
21000,NA,"o"
21300,NA,"o"
21600,NA,"p"
21847,408151.587363333,"o"
21900,NA,"o"
22141,408130.986215702,"o"
22200,NA,"o"
22500,NA,"o"
22800,NA,"o"
23100,NA,"o"
23400,NA,"p"
23700,NA,"o"
24000,NA,"o"
24136,407908.156402009,"o"
24300,NA,"o"
24541,407680.47663937,"o"
24600,NA,"o"
24900,NA,"o"
25200,NA,"p"
25500,NA,"o"
25800,NA,"o"
26100,NA,"o"
26302,406720.971197484,"o"
26400,NA,"o"
26700,NA,"o"
27000,NA,"p"
27300,NA,"o"
27600,NA,"o"
27900,NA,"o"
28200,NA,"o"
28298,407594.222196337,"o"
28500,NA,"o"
28620,407711.443886201,"o"
28800,NA,"p"
29100,NA,"o"
29400,NA,"o"
29700,NA,"o"
30000,NA,"o"
30084,409162.484111565,"o"
30300,NA,"o"
30422,409337.599921786,"o"
30600,NA,"p"
30900,NA,"o"
31200,NA,"o"
31500,NA,"o"
31800,NA,"o"
32100,410722.904748146,"o"
32400,410741.356333883,"p"
32700,NA,"o"
33000,NA,"o"
33300,NA,"o"
33600,NA,"o"
33900,NA,"o"
34200,NA,"p"
34394,412636.75639656,"o"
34500,NA,"o"
34681,412813.51111586,"o"
34800,NA,"o"
35100,NA,"o"
35400,NA,"o"
35700,NA,"o"
36000,NA,"p"
36300,NA,"o"
36600,NA,"o"
36900,NA,"o"
37098,416159.402697889,"o"
37200,NA,"o"
37445,416404.991834167,"o"
37500,NA,"o"
37800,NA,"p"
38100,NA,"o"
38400,NA,"o"
38700,NA,"o"
39000,NA,"o"
39156,418395.502442791,"o"
39300,NA,"o"
39600,NA,"p"
39900,NA,"o"
40200,NA,"o"
40500,NA,"o"
40800,NA,"o"
41083,420950.156296228,"o"
41100,NA,"o"
41400,NA,"p"
41700,NA,"o"
42000,NA,"o"
42300,NA,"o"
42600,NA,"o"
42900,NA,"o"
43200,NA,"p"
43245,423672.625282935,"o"
43500,NA,"o"
43561,423820.825600462,"o"
43800,NA,"o"
44100,NA,"o"
44400,NA,"o"
44590,423601.047053983,"o"
44700,NA,"o"
44880,423385.584863694,"o"
45000,NA,"p"
45300,NA,"o"
45600,NA,"o"
45900,NA,"o"
46200,NA,"o"
46500,NA,"o"
46800,NA,"p"
47100,NA,"o"
47247,422153.029024414,"o"
47400,NA,"o"
47700,NA,"o"
48000,NA,"o"
48300,NA,"o"
48600,NA,"p"
48900,NA,"o"
49117,420753.646061141,"o"
49200,NA,"o"
49440,420054.889731296,"o"
49500,NA,"o"
49800,NA,"o"
50100,NA,"o"
50400,NA,"p"
50700,NA,"o"
50884,420493.549625234,"o"
51000,NA,"o"
51300,NA,"o"
51600,NA,"o"
51900,NA,"o"
52200,NA,"p"
52408,421825.351511242,"o"
52500,NA,"o"
52800,NA,"o"
53100,NA,"o"
53400,NA,"o"
53700,NA,"o"
54000,NA,"p"
54192,423171.72627488,"o"
54300,NA,"o"
54480,423031.74866685,"o"
54600,NA,"o"
54900,NA,"o"
55200,NA,"o"
55500,NA,"o"
55800,NA,"p"
56100,NA,"o"
56400,NA,"o"
56453,421454.423099124,"o"
56700,NA,"o"
56760,421284.998595736,"o"
57000,NA,"o"
57300,NA,"o"
57600,NA,"p"
57900,NA,"o"
58200,NA,"o"
58500,NA,"o"
58736,420701.60603923,"o"
58800,NA,"o"
59040,420384.709716371,"o"
59100,NA,"o"
59400,NA,"p"
59700,NA,"o"
60000,NA,"o"
60300,NA,"o"
60600,NA,"o"
60900,NA,"o"
61200,NA,"p"
61245,419394.097346234,"o"
61500,NA,"o"
61560,419205.480515832,"o"
61800,NA,"o"
62100,NA,"o"
62400,NA,"o"
62700,NA,"o"
63000,NA,"p"
63300,NA,"o"
63536,418833.885113483,"o"
63600,NA,"o"
63840,418527.390140165,"o"
63900,NA,"o"
64200,NA,"o"
64500,NA,"o"
64800,NA,"p"
65100,NA,"o"
65400,NA,"o"
65700,NA,"o"
66000,NA,"o"
66175,417611.500121145,"o"
66300,NA,"o"
66482,417383.297242144,"o"
66600,NA,"p"
66900,NA,"o"
67200,NA,"o"
67500,NA,"o"
67800,NA,"o"
68100,NA,"o"
68400,NA,"p"
68700,NA,"o"
69000,NA,"o"
69009,416806.191445661,"o"
69300,416549.221350369,"o"
69600,NA,"o"
69900,NA,"o"
70200,NA,"p"
70500,NA,"o"
70800,NA,"o"
71100,NA,"o"
71400,NA,"o"
71700,NA,"o"
72000,NA,"p"
72048,415619.492927326,"o"
72300,NA,"o"
72363,415421.642779445,"o"
72600,NA,"o"
72900,NA,"o"
73200,NA,"o"
73500,NA,"o"
73800,NA,"p"
74100,NA,"o"
74400,NA,"o"
74700,NA,"o"
75000,NA,"o"
75100,413930.902970751,"o"
75300,NA,"o"
75421,413733.793208676,"o"
75600,NA,"p"
75900,NA,"o"
76200,NA,"o"
76500,NA,"o"
76800,NA,"o"
77100,NA,"o"
77400,NA,"p"
77700,NA,"o"
78000,NA,"o"
78163,412047.439762441,"o"
78300,NA,"o"
78480,411998.738860593,"o"
78600,NA,"o"
78900,NA,"o"
79200,NA,"p"
79500,NA,"o"
79800,NA,"o"
80100,NA,"o"
80400,NA,"o"
80700,NA,"o"
81000,NA,"p"
81283,411649.445075842,"o"
81300,NA,"o"
81600,411836.67889487,"o"
81900,NA,"o"
82200,NA,"o"
82500,NA,"o"
82800,NA,"p"
83100,NA,"o"
83400,NA,"o"
83700,NA,"o"
83981,410507.51810243,"o"
84000,NA,"o"
84300,NA,"o"
84302,410431.130201814,"o"
84600,NA,"p"
84900,NA,"o"
85200,NA,"o"
85500,NA,"o"
85800,NA,"o"
86100,NA,"o"
86400,NA,"p"
86418,409032.323728599,"o"
86700,NA,"o"
86760,408984.717997865,"o"
87000,NA,"o"
87300,NA,"o"
87600,NA,"o"
87900,NA,"o"
88200,NA,"p"
88500,NA,"o"
88800,NA,"o"
89100,NA,"o"
89209,408385.176700365,"o"
89400,NA,"o"
89523,408327.654591163,"o"
89700,NA,"o"
90000,NA,"p"
90300,NA,"o"
90600,NA,"o"
90900,NA,"o"
91200,NA,"o"
91500,NA,"o"
91800,NA,"p"
91909,406356.909914544,"o"
92100,NA,"o"
92220,406218.646082222,"o"
92400,NA,"o"
92700,NA,"o"
93000,NA,"o"
93300,NA,"o"
93600,NA,"p"
93900,NA,"o"
94200,NA,"o"
94500,NA,"o"
94760,403810.219638218,"o"
94800,NA,"o"
95100,NA,"o"
95101,403505.103402451,"o"
95400,NA,"p"
95700,NA,"o"
96000,NA,"o"
96300,NA,"o"
96600,NA,"o"
96900,NA,"o"
97200,NA,"p"
97454,400812.013046148,"o"
97500,NA,"o"
97743,400517.775791691,"o"
97800,NA,"o"
98100,NA,"o"
98400,NA,"o"
98700,NA,"o"
99000,NA,"p"
99300,NA,"o"
99600,NA,"o"
99900,NA,"o"
99972,397822.248642522,"o"
100200,NA,"o"
100260,397585.191400773,"o"
100500,NA,"o"
100800,NA,"p"
101100,NA,"o"
101400,NA,"o"
101700,NA,"o"
102000,NA,"o"
102300,NA,"o"
102310,395015.562922469,"o"
102600,394779.644449496,"p"
102900,NA,"o"
103200,NA,"o"
103500,NA,"o"
103800,NA,"o"
103989,393187.762693959,"o"
104100,NA,"o"
104283,393090.049847024,"o"
104400,NA,"p"
104700,NA,"o"
105000,NA,"o"
105300,NA,"o"
105600,NA,"o"
105785,391383.58604357,"o"
105900,NA,"o"
106081,391256.247455472,"o"
106200,NA,"p"
106500,NA,"o"
106800,NA,"o"
107100,NA,"o"
107400,NA,"o"
107540,389900.273665871,"o"
107700,NA,"o"
107880,389616.612513529,"o"
108000,NA,"p"
108300,NA,"o"
108600,NA,"o"
108900,NA,"o"
109200,NA,"o"
109390,387457.573682164,"o"
109500,NA,"o"
109680,387192.015849298,"o"
109800,NA,"p"
110100,NA,"o"
110400,NA,"o"
110700,NA,"o"
111000,NA,"o"
111300,NA,"o"
111307,385039.537441738,"o"
111600,384970.716441106,"p"
111900,NA,"o"
112200,NA,"o"
112500,NA,"o"
112800,NA,"o"
113100,NA,"o"
113400,NA,"p"
113487,382508.585155333,"o"
113700,NA,"o"
113822,382125.352126477,"o"
114000,NA,"o"
114300,NA,"o"
114600,NA,"o"
114900,NA,"o"
115200,NA,"p"
115365,379721.63321887,"o"
115500,NA,"o"
115680,379386.868750035,"o"
115800,NA,"o"
116100,NA,"o"
116400,NA,"o"
116700,NA,"o"
117000,NA,"p"
117300,NA,"o"
117493,376829.384906019,"o"
117600,NA,"o"
117782,376591.611008293,"o"
117900,NA,"o"
118200,NA,"o"
118500,NA,"o"
118800,NA,"p"
119061,375131.420911874,"o"
119100,NA,"o"
119400,374718.912744567,"o"
119700,NA,"o"
120000,NA,"o"
120300,NA,"o"
120600,NA,"p"
120863,372690.449047465,"o"
120900,NA,"o"
121200,372436.106468898,"o"
121500,NA,"o"
121800,NA,"o"
122100,NA,"o"
122400,NA,"p"
122700,NA,"o"
122724,371020.137794374,"o"
123000,NA,"o"
123060,370765.842853339,"o"
123300,NA,"o"
123600,NA,"o"
123900,NA,"o"
124200,NA,"p"
124443,369042.61450693,"o"
124500,NA,"o"
124742,368808.535713455,"o"
124800,NA,"o"
125100,NA,"o"
125400,NA,"o"
125700,NA,"o"
125758,367458.407838409,"o"
126000,NA,"p"
126060,367273.343887088,"o"
126300,NA,"o"
126600,NA,"o"
126900,NA,"o"
127200,NA,"o"
127410,366250.792959388,"o"
127500,NA,"o"
127741,366046.697516718,"o"
127800,NA,"p"
128100,NA,"o"
128400,NA,"o"
128469,365334.187668005,"o"
128700,NA,"o"
128761,365022.490476387,"o"
129000,NA,"o"
129300,NA,"o"
129600,NA,"p"
129900,NA,"o"
130200,NA,"o"
130464,363157.172631094,"o"
130500,NA,"o"
130800,NA,"o"
130801,362963.648525962,"o"
131100,NA,"o"
131400,NA,"p"
131700,NA,"o"
132000,NA,"o"
132300,NA,"o"
132600,NA,"o"
132657,361150.669840517,"o"
132900,NA,"o"
132961,361043.723048632,"o"
133200,NA,"p"
133500,NA,"o"
133800,NA,"o"
134100,NA,"o"
134400,NA,"o"
134700,NA,"o"
134764,359363.230796748,"o"
135000,NA,"p"
135121,359434.048451277,"o"
135300,NA,"o"
135600,NA,"o"
135900,NA,"o"
136197,357517.497029539,"o"
136200,NA,"o"
136500,357406.370403157,"o"
136800,NA,"p"
137100,NA,"o"
137400,NA,"o"
137627,356491.775349415,"o"
137700,NA,"o"
137941,356438.07681796,"o"
138000,NA,"o"
138300,NA,"o"
138600,NA,"p"
138900,NA,"o"
139023,355757.723724723,"o"
139200,NA,"o"
139500,NA,"o"
139800,NA,"o"
140100,NA,"o"
140400,NA,"p"
140700,NA,"o"
141000,NA,"o"
141055,354178.924173034,"o"
141300,NA,"o"
141360,354110.145281595,"o"
141600,NA,"o"
141900,NA,"o"
142200,NA,"p"
142500,NA,"o"
142800,NA,"o"
143100,NA,"o"
143400,NA,"o"
143506,354425.292200787,"o"
143700,NA,"o"
143824,354567.37870902,"o"
144000,NA,"p"
144300,NA,"o"
144600,NA,"o"
144900,NA,"o"
145087,354184.654440927,"o"
145200,NA,"o"
145380,354286.026956379,"o"
145500,NA,"o"
145800,NA,"p"
146100,NA,"o"
146400,NA,"o"
146700,NA,"o"
146969,355493.546322238,"o"
147000,NA,"o"
147300,355694.882296627,"o"
147600,NA,"p"
147900,NA,"o"
148200,NA,"o"
148500,NA,"o"
148780,356227.203466278,"o"
148800,NA,"o"
149100,NA,"o"
149104,356481.869043011,"o"
149400,NA,"p"
149700,NA,"o"
150000,NA,"o"
150300,NA,"o"
150301,357850.21649608,"o"
150600,357890.753973482,"o"
150900,NA,"o"
151200,NA,"p"
151500,NA,"o"
151800,NA,"o"
152100,NA,"o"
152177,358207.50434196,"o"
152400,NA,"o"
152520,358299.444778341,"o"
152700,NA,"o"
153000,NA,"p"
153300,NA,"o"
153600,NA,"o"
153900,NA,"o"
154200,NA,"o"
154500,NA,"o"
154644,358364.136109274,"o"
154800,NA,"p"
154980,358288.713967427,"o"
155100,NA,"o"
155400,NA,"o"
155700,NA,"o"
156000,NA,"o"
156249,357980.511171742,"o"
156300,NA,"o"
156540,358019.460678022,"o"
156600,NA,"p"
156900,NA,"o"
157200,NA,"o"
157500,NA,"o"
157800,NA,"o"
158100,NA,"o"
158400,NA,"p"
158700,NA,"o"
159000,NA,"o"
159300,NA,"o"
159600,NA,"o"
159900,NA,"o"
160200,NA,"p"
160500,NA,"o"
160800,NA,"o"
161100,NA,"o"
161364,359113.558040466,"o"
161400,NA,"o"
161700,NA,"o"
161701,359092.066697421,"o"
162000,NA,"p"
162300,NA,"o"
162600,NA,"o"
162900,NA,"o"
163200,NA,"o"
163500,NA,"o"
163568,360406.640910985,"o"
163800,NA,"p"
163861,360712.943512399,"o"
164100,NA,"o"
164400,NA,"o"
164700,NA,"o"
165000,NA,"o"
165300,NA,"o"
165600,NA,"p"
165900,NA,"o"
166148,362028.384631772,"o"
166200,NA,"o"
166440,362166.703154695,"o"
166500,NA,"o"
166800,NA,"o"
167100,NA,"o"
167400,NA,"p"
167700,NA,"o"
168000,NA,"o"
168300,NA,"o"
168373,363226.201187784,"o"
168600,NA,"o"
168660,363375.591582941,"o"
168900,NA,"o"
169200,NA,"p"
169500,NA,"o"
169800,NA,"o"
170100,NA,"o"
170378,364067.885898857,"o"
170400,NA,"o"
170700,364028.180916448,"o"
171000,NA,"p"
171300,NA,"o"
171600,NA,"o"
171900,NA,"o"
172200,NA,"o"
172500,NA,"o"
172800,NA,"p"
172948,363834.287733698,"o"
173100,NA,"o"
173280,363736.109686719,"o"
173400,NA,"o"
173700,NA,"o"
174000,NA,"o"
174300,NA,"o"
174600,NA,"p"
174900,NA,"o"
175200,NA,"o"
175500,NA,"o"
175714,362695.134461919,"o"
175800,NA,"o"
176040,362518.086216903,"o"
176100,NA,"o"
176400,NA,"p"
176700,NA,"o"
177000,NA,"o"
177300,NA,"o"
177600,NA,"o"
177900,NA,"o"
178063,362288.682668025,"o"
178200,NA,"p"
178422,362121.482419262,"o"
178500,NA,"o"
178800,NA,"o"
179100,NA,"o"
179400,NA,"o"
179700,NA,"o"
180000,NA,"p"
180300,NA,"o"
180577,362216.314936916,"o"
180600,NA,"o"
180900,NA,"o"
180942,362119.581523853,"o"
181200,NA,"o"
181500,NA,"o"
181800,NA,"p"
182100,NA,"o"
182400,NA,"o"
182700,NA,"o"
183000,NA,"o"
183300,NA,"o"
183533,361995.083758727,"o"
183600,NA,"p"
183840,361872.355720671,"o"
183900,NA,"o"
184200,NA,"o"
184500,NA,"o"
184800,NA,"o"
185100,NA,"o"
185400,NA,"p"
185700,NA,"o"
186000,NA,"o"
186006,361098.862081804,"o"
186300,360885.854935186,"o"
186600,NA,"o"
186900,NA,"o"
187200,NA,"p"
187500,NA,"o"
187800,NA,"o"
188100,NA,"o"
188152,360063.808920002,"o"
188400,NA,"o"
188700,NA,"o"
189000,NA,"p"
189300,NA,"o"
189600,NA,"o"
189900,NA,"o"
190132,358840.611234207,"o"
190200,NA,"o"
190440,358551.28277528,"o"
190500,NA,"o"
190800,NA,"p"
191100,NA,"o"
191400,NA,"o"
191700,NA,"o"
191879,356898.047897656,"o"
192000,NA,"o"
192180,356746.600554789,"o"
192300,NA,"o"
192600,NA,"p"
192900,NA,"o"
193200,NA,"o"
193500,NA,"o"
193741,355485.244493633,"o"
193800,NA,"o"
194100,NA,"o"
194400,NA,"p"
194700,NA,"o"
195000,NA,"o"
195300,NA,"o"
195600,NA,"o"
195732,357392.721597788,"o"
195900,NA,"o"
196020,357886.688829724,"o"
196200,NA,"p"
196500,NA,"o"
196800,NA,"o"
196917,358895.240637084,"o"
197100,NA,"o"
197220,359439.847873761,"o"
197400,NA,"o"
197700,NA,"o"
198000,NA,"p"
198300,NA,"o"
198600,NA,"o"
198900,NA,"o"
198909,362197.592148782,"o"
199200,362469.09705811,"o"
199500,NA,"o"
199800,NA,"p"
200100,NA,"o"
200121,363652.963098077,"o"
200400,NA,"o"
200460,363633.665063355,"o"
200700,NA,"o"
201000,NA,"o"
201300,NA,"o"
201600,NA,"p"
201650,363770.957762893,"o"
201900,NA,"o"
201960,363818.33776841,"o"
202200,NA,"o"
202500,NA,"o"
202800,NA,"o"
203100,NA,"o"
203259,363351.094745322,"o"
203400,NA,"p"
203700,NA,"o"
204000,NA,"o"
204300,NA,"o"
204600,NA,"o"
204770,363484.636367114,"o"
204900,NA,"o"
205089,363405.280336346,"o"
205200,NA,"p"
205500,NA,"o"
205800,NA,"o"
206100,NA,"o"
206400,NA,"o"
206576,364199.731815541,"o"
206700,NA,"o"
207000,NA,"p"
207300,NA,"o"
207600,NA,"o"
207885,363820.417119824,"o"
207900,NA,"o"
208200,NA,"o"
208201,363432.396289949,"o"
208500,NA,"o"
208800,NA,"p"
209100,NA,"o"
209400,NA,"o"
209700,NA,"o"
209766,362773.70274095,"o"
210000,NA,"o"
210060,362756.404487053,"o"
210300,NA,"o"
210600,NA,"p"
210900,NA,"o"
211200,NA,"o"
211500,NA,"o"
211717,362106.711347191,"o"
211800,NA,"o"
212043,361652.761590715,"o"
212100,NA,"o"
212400,NA,"p"
212700,NA,"o"
213000,NA,"o"
213146,360599.027629106,"o"
213300,NA,"o"
213484,360165.312588633,"o"
213600,NA,"o"
213900,NA,"o"
214200,NA,"p"
214500,NA,"o"
214628,359023.023428319,"o"
214800,NA,"o"
214920,359084.087798436,"o"
215100,NA,"o"
215400,NA,"o"
215700,NA,"o"
216000,NA,"p"
216300,NA,"o"
216333,360388.317227865,"o"
216600,NA,"o"
216668,360361.392540436,"o"
216900,NA,"o"
217200,NA,"o"
217500,NA,"o"
217800,NA,"p"
218100,NA,"o"
218400,NA,"o"
218634,360289.761375319,"o"
218700,NA,"o"
218940,360583.729175521,"o"
219000,NA,"o"
219300,NA,"o"
219600,NA,"p"
219900,NA,"o"
220060,361904.481750949,"o"
220200,NA,"o"
220500,NA,"o"
220800,NA,"o"
221100,NA,"o"
221400,NA,"p"
221700,NA,"o"
222000,NA,"o"
222076,363867.960010734,"o"
222300,NA,"o"
222421,364448.465546177,"o"
222600,NA,"o"
222900,NA,"o"
223200,NA,"p"
223500,NA,"o"
223640,364821.132085385,"o"
223800,NA,"o"
223980,365071.894949832,"o"
224100,NA,"o"
224400,NA,"o"
224700,NA,"o"
225000,NA,"p"
225300,NA,"o"
225317,365915.928329333,"o"
225600,NA,"o"
225660,366178.108598754,"o"
225900,NA,"o"
226200,NA,"o"
226500,NA,"o"
226800,NA,"p"
226861,366953.659426689,"o"
227100,NA,"o"
227160,366991.007768874,"o"
227400,NA,"o"
227700,NA,"o"
228000,NA,"o"
228300,NA,"o"
228600,NA,"p"
228666,366897.413182597,"o"
228900,NA,"o"
228960,366845.025751062,"o"
229200,NA,"o"
229500,NA,"o"
229800,NA,"o"
230100,NA,"o"
230400,NA,"p"
230700,NA,"o"
231000,NA,"o"
231300,NA,"o"
231600,NA,"o"
231900,NA,"o"
232200,NA,"p"
232500,NA,"o"
232800,NA,"o"
233100,NA,"o"
233320,366822.674378678,"o"
233400,NA,"o"
233640,366890.063836308,"o"
233700,NA,"o"
234000,NA,"p"
234300,NA,"o"
234600,NA,"o"
234900,NA,"o"
235200,NA,"o"
235500,NA,"o"
235800,NA,"p"
236100,NA,"o"
236400,NA,"o"
236619,365632.998551531,"o"
236700,NA,"o"
236941,365525.392233279,"o"
237000,NA,"o"
237300,NA,"o"
237600,NA,"p"
237900,NA,"o"
238200,NA,"o"
238418,365010.260967205,"o"
238500,NA,"o"
238747,364845.474318104,"o"
238800,NA,"o"
239100,NA,"o"
239400,NA,"p"
239700,NA,"o"
240000,NA,"o"
240300,NA,"o"
240600,NA,"o"
240900,NA,"o"
241200,NA,"p"
241500,NA,"o"
241800,NA,"o"
242100,NA,"o"
242400,NA,"o"
242700,NA,"o"
243000,NA,"p"
243300,NA,"o"
243600,NA,"o"
243900,NA,"o"
244200,NA,"o"
244500,NA,"o"
244800,NA,"p"
245100,NA,"o"
245400,NA,"o"
245700,NA,"o"
246000,NA,"o"
246300,NA,"o"
246600,NA,"p"
246900,NA,"o"
247200,NA,"o"
247500,NA,"o"
247800,NA,"o"
248100,NA,"o"
248400,NA,"p"
248700,NA,"o"
248855,364549.854491388,"o"
249000,NA,"o"
249180,364372.8835422,"o"
249300,NA,"o"
249600,NA,"o"
249900,NA,"o"
250200,NA,"p"
250500,NA,"o"
250800,NA,"o"
251100,NA,"o"
251194,363794.474579203,"o"
251400,NA,"o"
251520,363727.763928966,"o"
251700,NA,"o"
252000,NA,"p"
252300,NA,"o"
252600,NA,"o"
252900,NA,"o"
252925,363346.32650411,"o"
253200,NA,"o"
253260,363394.959494011,"o"
253500,NA,"o"
253800,NA,"p"
254100,NA,"o"
254400,NA,"o"
254419,363966.740406336,"o"
254700,NA,"o"
254760,363935.164645398,"o"
255000,NA,"o"
255300,NA,"o"
255600,NA,"p"
255885,363776.398279066,"o"
255900,NA,"o"
256200,363549.769122169,"o"
256500,NA,"o"
256800,NA,"o"
257100,NA,"o"
257400,NA,"p"
257674,363256.815702938,"o"
257700,NA,"o"
258000,363244.835207169,"o"
258300,NA,"o"
258600,NA,"o"
258900,NA,"o"
259200,NA,"p"
259500,NA,"o"
259699,362491.501970852,"o"
259800,NA,"o"
260040,362293.497363964,"o"
260100,NA,"o"
260400,NA,"o"
260700,NA,"o"
261000,NA,"p"
261300,NA,"o"
261575,361494.525620345,"o"
261600,NA,"o"
261900,361257.166751788,"o"
262200,NA,"o"
262500,NA,"o"
262800,NA,"p"
263100,NA,"o"
263301,361100.831356869,"o"
263400,NA,"o"
263700,NA,"o"
263707,361374.548854184,"o"
264000,NA,"o"
264300,NA,"o"
264600,NA,"p"
264900,NA,"o"
265200,NA,"o"
265260,361858.185758322,"o"
265500,NA,"o"
265560,361640.714778121,"o"
265800,NA,"o"
266100,NA,"o"
266400,NA,"p"
266578,361966.143183978,"o"
266700,NA,"o"
266880,362072.291343736,"o"
267000,NA,"o"
267300,NA,"o"
267600,NA,"o"
267900,NA,"o"
268023,362914.934103297,"o"
268200,NA,"p"
268320,363022.250167543,"o"
268500,NA,"o"
268800,NA,"o"
269100,NA,"o"
269400,NA,"o"
269700,NA,"o"
269805,364340.148996099,"o"
270000,NA,"p"
270300,NA,"o"
270600,NA,"o"
270900,NA,"o"
271200,NA,"o"
271344,365920.569894531,"o"
271500,NA,"o"
271680,365823.302642464,"o"
271800,NA,"p"
272100,NA,"o"
272400,NA,"o"
272700,NA,"o"
273000,NA,"o"
273142,366975.6813976,"o"
273300,NA,"o"
273480,366553.614890589,"o"
273600,NA,"p"
273900,NA,"o"
274200,NA,"o"
274500,NA,"o"
274800,NA,"o"
275100,NA,"o"
275399,364652.342725677,"o"
275400,NA,"p"
275700,364387.078929565,"o"
276000,NA,"o"
276300,NA,"o"
276600,NA,"o"
276900,NA,"o"
277200,NA,"p"
277255,363008.039042678,"o"
277500,NA,"o"
277560,362844.7800353,"o"
277800,NA,"o"
278100,NA,"o"
278400,NA,"o"
278700,NA,"o"
278950,361765.021200598,"o"
279000,NA,"p"
279240,361541.452874718,"o"
279300,NA,"o"
279600,NA,"o"
279900,NA,"o"
280200,NA,"o"
280228,361838.024840266,"o"
280500,NA,"o"
280562,361736.012062673,"o"
280800,NA,"p"
281100,NA,"o"
281400,NA,"o"
281556,360852.759057388,"o"
281700,NA,"o"
281882,360149.554856356,"o"
282000,NA,"o"
282300,NA,"o"
282600,NA,"p"
282900,NA,"o"
283171,359308.627768373,"o"
283200,NA,"o"
283500,358822.276423212,"o"
283800,NA,"o"
284100,NA,"o"
284400,NA,"p"
284700,NA,"o"
284784,358486.210219077,"o"
285000,NA,"o"
285300,NA,"o"
285600,NA,"o"
285900,NA,"o"
286200,NA,"p"
286271,358687.72240078,"o"
286500,NA,"o"
286560,358371.480040914,"o"
286800,NA,"o"
287100,NA,"o"
287400,NA,"o"
287632,358724.799852483,"o"
287700,NA,"o"
287940,358773.003269935,"o"
288000,NA,"p"
288300,NA,"o"
288600,NA,"o"
288699,358937.348991234,"o"
288900,NA,"o"
289200,NA,"o"
289500,NA,"o"
289800,NA,"p"
289810,358787.039354481,"o"
290100,NA,"o"
290400,NA,"o"
290700,NA,"o"
291000,NA,"o"
291234,359725.086134926,"o"
291300,NA,"o"
291600,NA,"p"
291900,NA,"o"
292200,NA,"o"
292500,NA,"o"
292707,360988.147231989,"o"
292800,NA,"o"
293100,NA,"o"
293400,NA,"p"
293700,NA,"o"
294000,NA,"o"
294235,361895.303593123,"o"
294300,NA,"o"
294540,362002.722163161,"o"
294600,NA,"o"
294900,NA,"o"
295200,NA,"p"
295500,NA,"o"
295800,NA,"o"
296018,362494.439359963,"o"
296100,NA,"o"
296340,362530.941752169,"o"
296400,NA,"o"
296700,NA,"o"
297000,NA,"p"
297300,NA,"o"
297600,NA,"o"
297900,NA,"o"
298069,363131.549860385,"o"
298200,NA,"o"
298380,363196.713904759,"o"
298500,NA,"o"
298800,NA,"p"
299100,NA,"o"
299400,NA,"o"
299700,NA,"o"
299831,362963.974488873,"o"
3e+05,NA,"o"
300120,362920.265506101,"o"
300300,NA,"o"
300600,NA,"p"
300900,NA,"o"
301200,NA,"o"
301500,NA,"o"
301771,362388.003689924,"o"
301800,NA,"o"
302100,NA,"o"
302103,362256.781538703,"o"
302400,NA,"p"
302700,NA,"o"
303000,NA,"o"
303300,NA,"o"
303600,NA,"o"
303697,362863.279912748,"o"
303900,NA,"o"
304021,362986.821833853,"o"
304200,NA,"p"
304500,NA,"o"
304800,NA,"o"
305100,NA,"o"
305400,NA,"o"
305496,363441.955029412,"o"
305700,NA,"o"
305820,363704.276247839,"o"
306000,NA,"p"
306300,NA,"o"
306600,NA,"o"
306900,NA,"o"
307065,363980.768139192,"o"
307200,NA,"o"
307381,364361.736159005,"o"
307500,NA,"o"
307800,NA,"p"
308100,NA,"o"
308400,NA,"o"
308700,NA,"o"
308759,365462.562610044,"o"
309000,NA,"o"
309061,366881.718406216,"o"
309300,NA,"o"
309600,NA,"p"
309900,NA,"o"
310200,NA,"o"
310425,366045.869002541,"o"
310500,NA,"o"
310744,365961.957054086,"o"
310800,NA,"o"
311100,NA,"o"
311400,NA,"p"
311700,NA,"o"
311989,365816.903653347,"o"
312000,NA,"o"
312300,365603.113692905,"o"
312600,NA,"o"
312900,NA,"o"
313200,NA,"p"
313500,NA,"o"
313800,NA,"o"
313927,365083.013736396,"o"
314100,NA,"o"
314220,364847.743212581,"o"
314400,NA,"o"
314700,NA,"o"
315000,NA,"p"
315300,NA,"o"
315600,NA,"o"
315900,NA,"o"
316043,363550.902641627,"o"
316200,NA,"o"
316380,363367.621897666,"o"
316500,NA,"o"
316800,NA,"p"
317100,NA,"o"
317400,NA,"o"
317498,362691.2409786,"o"
317700,NA,"o"
318000,NA,"o"
318300,NA,"o"
318600,NA,"p"
318771,361755.351076555,"o"
318900,NA,"o"
319200,NA,"o"
319500,NA,"o"
319800,NA,"o"
320100,NA,"o"
320274,360125.402118724,"o"
320400,NA,"p"
320580,360037.018297913,"o"
320700,NA,"o"
321000,NA,"o"
321300,NA,"o"
321600,NA,"o"
321900,NA,"o"
322043,359539.283036268,"o"
322200,NA,"p"
322380,359569.882675486,"o"
322500,NA,"o"
322800,NA,"o"
323100,NA,"o"
323400,NA,"o"
323660,360200.05982468,"o"
323700,NA,"o"
324000,360346.226909875,"p"
324300,NA,"o"
324600,NA,"o"
324812,360332.632042454,"o"
324900,NA,"o"
325140,360604.064174576,"o"
325200,NA,"o"
325500,NA,"o"
325800,NA,"p"
326100,NA,"o"
326189,360849.519682067,"o"
326400,NA,"o"
326700,NA,"o"
327000,NA,"o"
327300,NA,"o"
327600,NA,"p"
327667,361944.763687652,"o"
327900,NA,"o"
327960,362062.067433664,"o"
328200,NA,"o"
328500,NA,"o"
328800,NA,"o"
329100,NA,"o"
329167,362816.60865318,"o"
329400,NA,"p"
329462,362913.53145167,"o"
329700,NA,"o"
330000,NA,"o"
330300,NA,"o"
330600,NA,"o"
330850,363527.322764671,"o"
330900,NA,"o"
331140,363752.285569103,"o"
331200,NA,"p"
331500,NA,"o"
331800,NA,"o"
332100,NA,"o"
332400,NA,"o"
332700,NA,"o"
332702,364578.493358583,"o"
333000,364864.20296142,"p"
333300,NA,"o"
333600,NA,"o"
333900,NA,"o"
334200,NA,"o"
334500,NA,"o"
334559,365927.73674305,"o"
334800,NA,"p"
334860,365989.462283442,"o"
335100,NA,"o"
335400,NA,"o"
335700,NA,"o"
335915,366102.473676062,"o"
336000,NA,"o"
336241,366259.632230567,"o"
336300,NA,"o"
336600,NA,"p"
336900,NA,"o"
337200,NA,"o"
337316,367057.583965258,"o"
337500,NA,"o"
337620,367363.569137846,"o"
337800,NA,"o"
338100,NA,"o"
338400,NA,"p"
338700,NA,"o"
338983,367752.29238496,"o"
339000,NA,"o"
339300,NA,"o"
339302,367646.293776642,"o"
339600,NA,"o"
339900,NA,"o"
340200,NA,"p"
340500,NA,"o"
340800,NA,"o"
340918,367124.308647041,"o"
341100,NA,"o"
341281,367060.163998461,"o"
341400,NA,"o"
341700,NA,"o"
342000,NA,"p"
342300,NA,"o"
342600,NA,"o"
342644,366479.292539893,"o"
342900,NA,"o"
342961,366413.556552587,"o"
343200,NA,"o"
343500,NA,"o"
343800,NA,"p"
344100,NA,"o"
344400,NA,"o"
344587,365005.238223269,"o"
344700,NA,"o"
345000,NA,"o"
345300,NA,"o"
345600,NA,"p"
345900,NA,"o"
346200,NA,"o"
346500,NA,"o"
346585,364396.132117937,"o"
346800,NA,"o"
346920,364279.654581537,"o"
347100,NA,"o"
347400,NA,"p"
347700,NA,"o"
348000,NA,"o"
348300,NA,"o"
348543,363262.25942526,"o"
348600,NA,"o"
348840,362959.200704667,"o"
348900,NA,"o"
349200,NA,"p"
349500,NA,"o"
349800,NA,"o"
350100,NA,"o"
350400,NA,"o"
350463,362580.44418607,"o"
350700,NA,"o"
350760,362344.324657125,"o"
351000,NA,"p"
351300,NA,"o"
351600,NA,"o"
351900,NA,"o"
352004,360837.227142978,"o"
352200,NA,"o"
352320,360513.675953554,"o"
352500,NA,"o"
352800,NA,"p"
353100,NA,"o"
353400,NA,"o"
353700,NA,"o"
354000,NA,"o"
354144,359892.163238093,"o"
354300,NA,"o"
354480,359751.925956728,"o"
354600,NA,"p"
354900,NA,"o"
355200,NA,"o"
355500,NA,"o"
355800,NA,"o"
355935,358882.401482198,"o"
356100,NA,"o"
356400,NA,"p"
356700,NA,"o"
357000,NA,"o"
357002,359169.930848578,"o"
357300,NA,"o"
357323,359137.226716724,"o"
357600,NA,"o"
357900,NA,"o"
358200,NA,"p"
358500,NA,"o"
358800,NA,"o"
358863,359438.472388354,"o"
359100,NA,"o"
359165,359344.983515905,"o"
359400,NA,"o"
359700,NA,"o"
360000,NA,"p"
360300,NA,"o"
360600,NA,"o"
360699,359421.542288821,"o"
360900,NA,"o"
361020,359161.503301143,"o"
361200,NA,"o"
361500,NA,"o"
361800,NA,"p"
362100,NA,"o"
362400,NA,"o"
362700,NA,"o"
362967,359626.878008617,"o"
363000,NA,"o"
363300,NA,"o"
363301,359299.996711406,"o"
363600,NA,"p"
363900,NA,"o"
364200,NA,"o"
364500,NA,"o"
364800,NA,"o"
364820,357969.1033391,"o"
365100,NA,"o"
365162,357844.766211695,"o"
365400,NA,"p"
365700,NA,"o"
366000,NA,"o"
366300,NA,"o"
366600,NA,"o"
366612,357175.268900492,"o"
366900,NA,"o"
366902,356674.294994859,"o"
367200,NA,"p"
367500,NA,"o"
367800,NA,"o"
368035,355400.399237344,"o"
368100,NA,"o"
368340,355098.749827171,"o"
368400,NA,"o"
368700,NA,"o"
369000,NA,"p"
369300,NA,"o"
369600,NA,"o"
369662,354069.362986318,"o"
369900,NA,"o"
369962,353738.08764582,"o"
370200,NA,"o"
370500,NA,"o"
370800,NA,"p"
371100,NA,"o"
371400,NA,"o"
371406,352696.773943756,"o"
371700,NA,"o"
371702,352483.792253715,"o"
372000,NA,"o"
372300,NA,"o"
372600,NA,"p"
372900,NA,"o"
373200,NA,"o"
373500,NA,"o"
373687,350038.381662644,"o"
373800,NA,"o"
373982,350173.431190737,"o"
374100,NA,"o"
374400,NA,"p"
374700,NA,"o"
375000,NA,"o"
375300,NA,"o"
375444,348955.624400128,"o"
375600,NA,"o"
375780,348708.881481256,"o"
375900,NA,"o"
376200,NA,"p"
376500,NA,"o"
376800,NA,"o"
377100,NA,"o"
377400,NA,"o"
377700,NA,"o"
377821,347414.563509452,"o"
378000,NA,"p"
378120,347289.634759448,"o"
378300,NA,"o"
378600,NA,"o"
378900,NA,"o"
379200,NA,"o"
379500,NA,"o"
379800,NA,"p"
380100,NA,"o"
380231,347454.337551954,"o"
380400,NA,"o"
380520,347495.558211841,"o"
380700,NA,"o"
381000,NA,"o"
381300,NA,"o"
381600,NA,"p"
381900,NA,"o"
382200,NA,"o"
382500,NA,"o"
382800,NA,"o"
382845,348737.928670182,"o"
383100,NA,"o"
383162,348797.049565709,"o"
383400,NA,"p"
383700,NA,"o"
384000,NA,"o"
384300,NA,"o"
384600,NA,"o"
384900,NA,"o"
385200,NA,"p"
385307,350213.49852631,"o"
385500,NA,"o"
385620,350418.458525965,"o"
385800,NA,"o"
386100,NA,"o"
386400,NA,"o"
386700,NA,"o"
387000,NA,"p"
387300,NA,"o"
387600,NA,"o"
387900,NA,"o"
387984,351647.67799468,"o"
388200,NA,"o"
388381,351900.048742852,"o"
388500,NA,"o"
388800,NA,"p"
389100,NA,"o"
389400,NA,"o"
389700,NA,"o"
390000,NA,"o"
390300,NA,"o"
390470,353428.604249761,"o"
390600,NA,"p"
390783,353730.232451543,"o"
390900,NA,"o"
391200,NA,"o"
391500,NA,"o"
391800,NA,"o"
392100,NA,"o"
392400,NA,"p"
392639,355743.157041956,"o"
392700,NA,"o"
392944,356031.942982246,"o"
393000,NA,"o"
393300,NA,"o"
393600,NA,"o"
393900,NA,"o"
394200,NA,"p"
394483,356030.064578288,"o"
394500,NA,"o"
394800,NA,"o"
394801,356100.345464507,"o"
395100,NA,"o"
395400,NA,"o"
395700,NA,"o"
396000,NA,"p"
396300,NA,"o"
396600,NA,"o"
396695,357168.990201864,"o"
396900,NA,"o"
397020,357449.988159047,"o"
397200,NA,"o"
397500,NA,"o"
397800,NA,"p"
398100,NA,"o"
398381,359033.283209534,"o"
398400,NA,"o"
398700,NA,"o"
398703,359264.638659682,"o"
399000,NA,"o"
399300,NA,"o"
399600,NA,"p"
399900,NA,"o"
400200,NA,"o"
400466,359905.034586723,"o"
400500,NA,"o"
400800,NA,"o"
400864,360045.290463605,"o"
401100,NA,"o"
401400,NA,"p"
401700,NA,"o"
402000,NA,"o"
402300,NA,"o"
402600,NA,"o"
402900,NA,"o"
402916,361212.246146366,"o"
403200,NA,"p"
403260,361483.798852036,"o"
403500,NA,"o"
403800,NA,"o"
404100,NA,"o"
404400,NA,"o"
404700,NA,"o"
405000,NA,"p"
405007,363552.497661609,"o"
405300,363836.48712996,"o"
405600,NA,"o"
405900,NA,"o"
406200,NA,"o"
406500,NA,"o"
406800,NA,"p"
406836,364940.387049862,"o"
407100,NA,"o"
407161,365273.243127321,"o"
407400,NA,"o"
407700,NA,"o"
408000,NA,"o"
408300,NA,"o"
408600,NA,"p"
408853,365690.883807783,"o"
408900,NA,"o"
409140,365849.304090166,"o"
409200,NA,"o"
409500,NA,"o"
409800,NA,"o"
410100,NA,"o"
410400,NA,"p"
410700,NA,"o"
411000,NA,"o"
411220,365046.077008882,"o"
411300,NA,"o"
411540,364812.923416856,"o"
411600,NA,"o"
411900,NA,"o"
412200,NA,"p"
412500,NA,"o"
412800,NA,"o"
413100,NA,"o"
413347,363880.900194555,"o"
413400,NA,"o"
413641,363666.780692763,"o"
413700,NA,"o"
414000,NA,"p"
414300,NA,"o"
414600,NA,"o"
414900,NA,"o"
415200,NA,"o"
415500,NA,"o"
415738,363917.445378085,"o"
415800,NA,"p"
416040,363977.465157202,"o"
416100,NA,"o"
416400,NA,"o"
416700,NA,"o"
417000,NA,"o"
417300,NA,"o"
417600,NA,"p"
417900,NA,"o"
418200,NA,"o"
418443,364689.582492937,"o"
418500,NA,"o"
418741,364699.520553997,"o"
418800,NA,"o"
419100,NA,"o"
419400,NA,"p"
419700,NA,"o"
420000,NA,"o"
420300,NA,"o"
420600,NA,"o"
420900,NA,"o"
420975,364998.14665125,"o"
421200,NA,"p"
421260,365125.579833492,"o"
421500,NA,"o"
421800,NA,"o"
422100,NA,"o"
422400,NA,"o"
422700,NA,"o"
423000,NA,"p"
423300,NA,"o"
423600,NA,"o"
423770,365344.57609063,"o"
423900,NA,"o"
424080,365374.135573907,"o"
424200,NA,"o"
424500,NA,"o"
424800,NA,"p"
425100,NA,"o"
425400,NA,"o"
425700,NA,"o"
426000,NA,"o"
426300,NA,"o"
426600,NA,"p"
426900,NA,"o"
426947,364035.151976348,"o"
427200,NA,"o"
427260,363830.40837294,"o"
427500,NA,"o"
427800,NA,"o"
428100,NA,"o"
428400,NA,"p"
428700,NA,"o"
428770,362873.575115665,"o"
429000,NA,"o"
429062,362724.494964839,"o"
429300,NA,"o"
429600,NA,"o"
429900,NA,"o"
430200,NA,"p"
430500,NA,"o"
430800,NA,"o"
430895,362337.336278165,"o"
431100,NA,"o"
431220,362134.022556775,"o"
431400,NA,"o"
431700,NA,"o"
432000,NA,"p"
432300,NA,"o"
432600,NA,"o"
432900,NA,"o"
433141,360721.04602036,"o"
433200,NA,"o"
433442,360582.541280286,"o"
433500,NA,"o"
433800,NA,"p"
434100,NA,"o"
434400,NA,"o"
434700,NA,"o"
435000,NA,"o"
435004,360048.373372569,"o"
435300,NA,"o"
435301,359636.495249354,"o"
435600,NA,"p"
435900,NA,"o"
436200,NA,"o"
436500,NA,"o"
436800,NA,"o"
437041,358914.666224266,"o"
437100,NA,"o"
437341,358620.021636514,"o"
437400,NA,"p"
437700,NA,"o"
438000,NA,"o"
438300,NA,"o"
438600,NA,"o"
438900,NA,"o"
438966,356900.175560286,"o"
439200,NA,"p"
439260,356487.304282344,"o"
439500,NA,"o"
439800,NA,"o"
440100,NA,"o"
440400,NA,"o"
440624,354727.023592227,"o"
440700,NA,"o"
440944,354375.172226418,"o"
441000,NA,"p"
441300,NA,"o"
441600,NA,"o"
441900,NA,"o"
442200,NA,"o"
442500,NA,"o"
442515,352405.494620444,"o"
442800,NA,"p"
442802,352035.297836081,"o"
443100,NA,"o"
443400,NA,"o"
443700,NA,"o"
444000,NA,"o"
444300,NA,"o"
444600,NA,"p"
444899,349684.361563241,"o"
444900,NA,"o"
445200,NA,"o"
445500,NA,"o"
445800,NA,"o"
446100,NA,"o"
446400,NA,"p"
446700,NA,"o"
446881,347561.771987229,"o"
447000,NA,"o"
447180,347190.871298806,"o"
447300,NA,"o"
447600,NA,"o"
447900,NA,"o"
448200,NA,"p"
448500,NA,"o"
448800,NA,"o"
448809,346228.387654482,"o"
449100,346283.06074451,"o"
449400,NA,"o"
449700,NA,"o"
450000,NA,"p"
450300,NA,"o"
450600,NA,"o"
450683,347324.364585025,"o"
450900,NA,"o"
451020,347458.412453632,"o"
451200,NA,"o"
451500,NA,"o"
451800,NA,"p"
452100,NA,"o"
452400,NA,"o"
452700,NA,"o"
452861,349020.852570382,"o"
453000,NA,"o"
453300,NA,"o"
453600,NA,"p"
453900,NA,"o"
454200,NA,"o"
454500,NA,"o"
454543,350225.518683209,"o"
454800,NA,"o"
454860,350435.331528691,"o"
455100,NA,"o"
455400,NA,"p"
455625,350178.535220283,"o"
455700,NA,"o"
455945,350163.529697887,"o"
456000,NA,"o"
456300,NA,"o"
456600,NA,"o"
456900,NA,"o"
457200,NA,"p"
457309,350069.75006058,"o"
457500,NA,"o"
457622,350132.384826829,"o"
457800,NA,"o"
458100,NA,"o"
458400,NA,"o"
458700,NA,"o"
459000,NA,"p"
459300,NA,"o"
459334,350782.880041379,"o"
459600,NA,"o"
459661,350884.717148068,"o"
459900,NA,"o"
460200,NA,"o"
460500,NA,"o"
460800,NA,"p"
460982,351443.556549534,"o"
461100,NA,"o"
461285,351545.086248424,"o"
461400,NA,"o"
461700,NA,"o"
462000,NA,"o"
462300,NA,"o"
462600,NA,"p"
462900,NA,"o"
463112,352230.828293555,"o"
463200,NA,"o"
463442,352225.730989348,"o"
463500,NA,"o"
463800,NA,"o"
464100,NA,"o"
464400,NA,"p"
464700,NA,"o"
464708,351482.652649466,"o"
465000,NA,"o"
465300,NA,"o"
465600,NA,"o"
465900,NA,"o"
466200,NA,"p"
466310,350759.266779326,"o"
466500,NA,"o"
466800,NA,"o"
467100,NA,"o"
467400,NA,"o"
467700,NA,"o"
468000,NA,"p"
468300,NA,"o"
468600,NA,"o"
468888,348757.686317621,"o"
468900,NA,"o"
469200,NA,"o"
469201,348571.226702285,"o"
469500,NA,"o"
469800,NA,"p"
470100,NA,"o"
470400,NA,"o"
470700,NA,"o"
470792,348489.696263349,"o"
471000,NA,"o"
471123,348625.611742957,"o"
471300,NA,"o"
471600,NA,"p"
471900,NA,"o"
472200,NA,"o"
472500,NA,"o"
472800,NA,"o"
473100,NA,"o"
473215,349452.90551698,"o"
473400,NA,"p"
473582,349782.627480917,"o"
473700,NA,"o"
474000,NA,"o"
474300,NA,"o"
474600,NA,"o"
474900,NA,"o"
475021,350781.563939602,"o"
475200,NA,"p"
475322,351053.251392382,"o"
475500,NA,"o"
475800,NA,"o"
476100,NA,"o"
476400,NA,"o"
476669,350885.483145871,"o"
476700,NA,"o"
477000,NA,"p"
477067,351211.818436208,"o"
477300,NA,"o"
477600,NA,"o"
477900,NA,"o"
478200,NA,"o"
478500,NA,"o"
478800,NA,"p"
478811,352941.141358766,"o"
479100,NA,"o"
479400,NA,"o"
479700,NA,"o"
480000,NA,"o"
480300,NA,"o"
480600,NA,"p"
480900,NA,"o"
481200,NA,"o"
481333,353608.002871961,"o"
481500,NA,"o"
481622,353466.609053939,"o"
481800,NA,"o"
482100,NA,"o"
482400,NA,"p"
482700,NA,"o"
483000,NA,"o"
483300,NA,"o"
483600,NA,"o"
483781,352392.513363901,"o"
483900,NA,"o"
484200,NA,"p"
484500,NA,"o"
484800,NA,"o"
485100,NA,"o"
485400,NA,"o"
485700,NA,"o"
486000,NA,"p"
486211,352601.975485577,"o"
486300,NA,"o"
486542,352618.976901534,"o"
486600,NA,"o"
486900,NA,"o"
487200,NA,"o"
487500,NA,"o"
487800,NA,"p"
488100,NA,"o"
488400,NA,"o"
488700,NA,"o"
489000,NA,"o"
489193,352610.340431099,"o"
489300,NA,"o"
489482,352686.208862486,"o"
489600,NA,"p"
489900,NA,"o"
490200,NA,"o"
490500,NA,"o"
490800,NA,"o"
491100,NA,"o"
491137,353362.167291425,"o"
491400,NA,"p"
491461,353363.399456625,"o"
491700,NA,"o"
492000,NA,"o"
492300,NA,"o"
492600,NA,"o"
492900,NA,"o"
493200,NA,"p"
493390,353621.508306332,"o"
493500,NA,"o"
493680,353601.479100429,"o"
493800,NA,"o"
494100,NA,"o"
494400,NA,"o"
494700,NA,"o"
495000,NA,"p"
495300,NA,"o"
495600,NA,"o"
495900,NA,"o"
495950,355407.10209452,"o"
496200,NA,"o"
496262,355582.188042633,"o"
496500,NA,"o"
496800,NA,"p"
497100,NA,"o"
497400,NA,"o"
497700,NA,"o"
498000,NA,"o"
498300,NA,"o"
498600,NA,"p"
498900,NA,"o"
499155,354877.715231214,"o"
499200,NA,"o"
499442,354680.427959935,"o"
499500,NA,"o"
499800,NA,"o"
500100,NA,"o"
500400,NA,"p"
500700,NA,"o"
501000,NA,"o"
501035,353924.362705742,"o"
501300,NA,"o"
501360,353568.59669366,"o"
501600,NA,"o"
501900,NA,"o"
502200,NA,"p"
502500,NA,"o"
502800,NA,"o"
503100,NA,"o"
503400,NA,"o"
503418,352080.309530898,"o"
503700,NA,"o"
503760,351796.661412713,"o"
504000,NA,"p"
504300,NA,"o"
504600,NA,"o"
504900,NA,"o"
505200,NA,"o"
505373,350634.863356229,"o"
505500,NA,"o"
505680,350697.342548151,"o"
505800,NA,"p"
506100,NA,"o"
506400,NA,"o"
506700,NA,"o"
507000,NA,"o"
507209,349439.991436925,"o"
507300,NA,"o"
507540,349344.877753522,"o"
507600,NA,"p"
507900,NA,"o"
508200,NA,"o"
508500,NA,"o"
508800,NA,"o"
509100,NA,"o"
509400,NA,"p"
509587,351046.869597409,"o"
509700,NA,"o"
509880,351182.900288797,"o"
510000,NA,"o"
510300,NA,"o"
510600,NA,"o"
510900,NA,"o"
511200,NA,"p"
511213,352236.562706196,"o"
511500,NA,"o"
511501,352333.521646012,"o"
511800,NA,"o"
512100,NA,"o"
512400,NA,"o"
512574,352459.062727524,"o"
512700,NA,"o"
512880,352364.740550904,"o"
513000,NA,"p"
513300,NA,"o"
513600,NA,"o"
513900,NA,"o"
513937,352051.593675127,"o"
514200,NA,"o"
514261,351996.652763072,"o"
514500,NA,"o"
514800,NA,"p"
515100,NA,"o"
515400,NA,"o"
515700,NA,"o"
515896,351877.223775776,"o"
516000,NA,"o"
516300,NA,"o"
516600,NA,"p"
516900,NA,"o"
517200,NA,"o"
517217,351623.649802138,"o"
517500,NA,"o"
517560,351511.200733265,"o"
517800,NA,"o"
518100,NA,"o"
518400,NA,"p"
518700,NA,"o"
518909,351077.022945634,"o"
519000,NA,"o"
519240,350887.359934202,"o"
519300,NA,"o"
519600,NA,"o"
519900,NA,"o"
520200,NA,"p"
520500,NA,"o"
520800,NA,"o"
521100,NA,"o"
521194,350423.795804799,"o"
521400,NA,"o"
521523,350254.236117421,"o"
521700,NA,"o"
522000,NA,"p"
522300,NA,"o"
522600,NA,"o"
522900,NA,"o"
523200,NA,"o"
523296,349891.386128341,"o"
523500,NA,"o"
523622,349897.743503,"o"
523800,NA,"p"
524100,NA,"o"
524400,NA,"o"
524700,NA,"o"
525000,NA,"o"
525300,NA,"o"
525521,349557.500706619,"o"
525600,NA,"p"
525844,349681.220261345,"o"
525900,NA,"o"
526200,NA,"o"
526500,NA,"o"
526691,349464.983368827,"o"
526800,NA,"o"
527100,NA,"o"
527400,NA,"p"
527402,350447.111197356,"o"
527700,NA,"o"
528000,NA,"o"
528300,NA,"o"
528495,351966.544632044,"o"
528600,NA,"o"
528900,NA,"o"
529058,352668.13067658,"o"
529200,NA,"p"
529500,NA,"o"
529800,NA,"o"
530100,NA,"o"
530275,354322.7245168,"o"
530400,NA,"o"
530700,NA,"o"
531000,NA,"p"
531300,NA,"o"
531600,NA,"o"
531726,355544.420245708,"o"
531900,NA,"o"
532200,NA,"o"
532500,NA,"o"
532800,NA,"p"
532898,355972.434553831,"o"
533100,NA,"o"
533400,NA,"o"
533700,NA,"o"
534000,NA,"o"
534278,357127.823491385,"o"
534300,NA,"o"
534600,NA,"p"
534900,NA,"o"
535200,NA,"o"
535500,NA,"o"
535800,NA,"o"
535802,357473.880987153,"o"
536100,NA,"o"
536400,NA,"p"
536700,NA,"o"
537000,NA,"o"
537122,357333.844669842,"o"
537300,NA,"o"
537600,NA,"o"
537900,NA,"o"
538200,NA,"p"
538329,356603.175634045,"o"
538500,NA,"o"
538800,NA,"o"
539100,NA,"o"
539400,NA,"o"
539572,355574.760380358,"o"
539700,NA,"o"
540000,NA,"p"
540300,NA,"o"
540600,NA,"o"
540900,NA,"o"
540958,354007.69226997,"o"
541200,NA,"o"
541500,NA,"o"
541800,NA,"p"
542100,NA,"o"
542400,NA,"o"
542533,352435.776971694,"o"
542700,NA,"o"
543000,NA,"o"
543300,NA,"o"
543600,NA,"p"
543900,NA,"o"
544200,NA,"o"
544500,NA,"o"
544625,351058.394642353,"o"
544800,NA,"o"
545100,NA,"o"
545400,NA,"p"
545700,NA,"o"
545961,350706.343479685,"o"
546000,NA,"o"
546300,NA,"o"
546600,NA,"o"
546900,NA,"o"
547200,NA,"p"
547500,NA,"o"
547798,349946.199413719,"o"
547800,NA,"o"
548100,NA,"o"
548400,NA,"o"
548700,NA,"o"
549000,NA,"p"
549300,NA,"o"
549600,NA,"o"
549746,349758.873393491,"o"
549900,NA,"o"
550200,NA,"o"
550500,NA,"o"
550800,NA,"p"
550847,350448.194741584,"o"
551100,NA,"o"
551400,NA,"o"
551700,NA,"o"
552000,NA,"o"
552300,NA,"o"
552600,NA,"p"
552900,NA,"o"
552963,352819.474965012,"o"
553200,NA,"o"
553500,NA,"o"
553800,NA,"o"
554100,NA,"o"
554400,NA,"p"
554700,NA,"o"
554737,353516.188578124,"o"
555000,NA,"o"
555300,NA,"o"
555600,NA,"o"
555900,NA,"o"
556200,NA,"p"
556500,NA,"o"
556661,354419.484513573,"o"
556800,NA,"o"
557100,NA,"o"
557400,NA,"o"
557700,NA,"o"
558000,NA,"p"
558300,NA,"o"
558600,NA,"o"
558843,353996.966543833,"o"
558900,NA,"o"
559200,NA,"o"
559500,NA,"o"
559800,NA,"p"
560100,NA,"o"
560277,353701.626425886,"o"
560400,NA,"o"
560700,NA,"o"
561000,NA,"o"
561300,NA,"o"
561600,NA,"p"
561900,NA,"o"
562200,NA,"o"
562500,NA,"o"
562696,352167.935999279,"o"
562800,NA,"o"
563100,NA,"o"
563400,NA,"p"
563700,NA,"o"
564000,NA,"o"
564300,NA,"o"
564600,NA,"o"
564900,NA,"o"
565045,348461.032266772,"o"
565200,NA,"p"
565500,NA,"o"
565800,NA,"o"
566100,NA,"o"
566400,NA,"o"
566700,NA,"o"
567000,NA,"p"
567300,NA,"o"
567600,NA,"o"
567698,346584.266024394,"o"
567900,NA,"o"
568200,NA,"o"
568500,NA,"o"
568800,NA,"p"
569100,NA,"o"
569400,NA,"o"
569700,NA,"o"
569934,347280.809527494,"o"
570000,NA,"o"
570300,NA,"o"
570600,NA,"p"
570900,NA,"o"
571200,NA,"o"
571348,348044.653000434,"o"
571500,NA,"o"
571800,NA,"o"
572100,NA,"o"
572400,NA,"p"
572700,NA,"o"
573000,NA,"o"
573300,NA,"o"
573600,NA,"o"
573716,348404.249615153,"o"
573900,NA,"o"
574200,NA,"p"
574500,NA,"o"
574800,NA,"o"
575100,NA,"o"
575400,NA,"o"
575700,NA,"o"
576000,NA,"p"
576044,349555.035614589,"o"
576300,NA,"o"
576600,NA,"o"
576900,NA,"o"
577200,NA,"o"
577500,NA,"o"
577800,NA,"p"
578100,NA,"o"
578400,NA,"o"
578547,350855.582600633,"o"
578700,NA,"o"
579000,NA,"o"
579300,NA,"o"
579600,NA,"p"
579900,NA,"o"
580200,NA,"o"
580500,NA,"o"
580800,NA,"o"
581026,352027.971595678,"o"
581100,NA,"o"
581400,NA,"p"
581700,NA,"o"
582000,NA,"o"
582300,NA,"o"
582600,NA,"o"
582900,NA,"o"
583200,NA,"p"
583500,NA,"o"
583563,354392.546315152,"o"
583800,NA,"o"
584100,NA,"o"
584400,NA,"o"
584700,NA,"o"
585000,NA,"p"
585300,NA,"o"
585600,NA,"o"
585900,NA,"o"
586192,358114.910663895,"o"
586200,NA,"o"
586500,NA,"o"
586800,NA,"p"
587100,NA,"o"
587400,NA,"o"
587700,NA,"o"
588000,NA,"o"
588300,NA,"o"
588600,NA,"p"
588827,361769.035361002,"o"
588900,NA,"o"
589200,NA,"o"
589500,NA,"o"
589800,NA,"o"
590100,NA,"o"
590400,NA,"p"
590700,NA,"o"
591000,NA,"o"
591300,NA,"o"
591315,364941.948963001,"o"
591600,NA,"o"
591900,NA,"o"
592200,NA,"p"
592500,NA,"o"
592800,NA,"o"
593100,NA,"o"
593400,NA,"o"
593700,NA,"o"
593720,366968.341727024,"o"
594000,NA,"p"
594300,NA,"o"
594600,NA,"o"
594900,NA,"o"
595200,NA,"o"
595500,NA,"o"
595602,366882.839159284,"o"
595800,NA,"p"
596100,NA,"o"
596400,NA,"o"
596700,NA,"o"
597000,NA,"o"
597300,NA,"o"
597600,NA,"p"
597766,368684.717547263,"o"
597900,NA,"o"
598200,NA,"o"
598500,NA,"o"
598800,NA,"o"
599100,NA,"o"
599400,NA,"p"
599700,NA,"o"
6e+05,NA,"o"
600062,371640.02718515,"o"
600300,NA,"o"
600600,NA,"o"
600900,NA,"o"
601200,NA,"p"
601500,NA,"o"
601800,NA,"o"
602100,NA,"o"
602400,NA,"o"
602700,NA,"o"
602946,376044.834015581,"o"
603000,NA,"p"
603300,NA,"o"
603600,NA,"o"
603900,NA,"o"
604200,NA,"o"
604500,NA,"o"
604800,NA,"p"
605100,NA,"o"
605192,378926.146777066,"o"
605400,NA,"o"
605700,NA,"o"
606000,NA,"o"
606300,NA,"o"
606600,NA,"p"
606900,NA,"o"
607200,NA,"o"
607500,NA,"o"
607800,NA,"o"
607891,382358.214238837,"o"
608100,NA,"o"
608400,NA,"p"
608700,NA,"o"
609000,NA,"o"
609300,NA,"o"
609600,NA,"o"
609900,NA,"o"
610200,NA,"p"
610272,385789.878446051,"o"
610500,NA,"o"
610800,NA,"o"
611100,NA,"o"
611400,NA,"o"
611700,NA,"o"
612000,NA,"p"
612188,388601.026173241,"o"
612300,NA,"o"
612600,NA,"o"
612900,NA,"o"
613200,NA,"o"
613500,NA,"o"
613800,NA,"p"
614100,NA,"o"
614400,NA,"o"
614700,NA,"o"
614741,392582.255348141,"o"
615000,NA,"o"
615300,NA,"o"
615600,NA,"p"
615900,NA,"o"
616200,NA,"o"
616500,NA,"o"
616800,NA,"o"
617100,NA,"o"
617118,396349.961373595,"o"
617400,NA,"p"
617700,NA,"o"
618000,NA,"o"
618300,NA,"o"
618600,NA,"o"
618900,NA,"o"
619200,NA,"p"
619500,NA,"o"
619542,400420.366617675,"o"
619800,NA,"o"
620100,NA,"o"
620400,NA,"o"
620700,NA,"o"
621000,NA,"p"
621300,NA,"o"
621600,NA,"o"
621900,NA,"o"
622130,404100.800623391,"o"
622200,NA,"o"
622500,NA,"o"
622800,NA,"p"
623100,NA,"o"
623400,NA,"o"
623700,NA,"o"
624000,NA,"o"
624300,NA,"o"
624600,NA,"p"
624873,407075.007430264,"o"
624900,NA,"o"
625200,NA,"o"
625500,NA,"o"
625800,NA,"o"
626100,NA,"o"
626400,NA,"p"
626700,NA,"o"
627000,NA,"o"
627064,409516.662827307,"o"
627300,NA,"o"
627600,NA,"o"
627900,NA,"o"
628200,NA,"p"
628500,NA,"o"
628800,NA,"o"
629100,NA,"o"
629400,NA,"o"
629700,NA,"o"
629712,411704.581948271,"o"
630000,NA,"p"
630300,NA,"o"
630600,NA,"o"
630900,NA,"o"
631200,NA,"o"
631500,NA,"o"
631800,NA,"p"
632100,NA,"o"
632351,411973.253889483,"o"
632400,NA,"o"
632700,NA,"o"
633000,NA,"o"
633300,NA,"o"
633600,NA,"p"
633900,NA,"o"
634200,NA,"o"
634457,409999.626132553,"o"
634500,NA,"o"
634800,NA,"o"
635100,NA,"o"
635400,NA,"p"
635700,NA,"o"
636000,NA,"o"
636300,NA,"o"
636351,409553.881454467,"o"
636600,NA,"o"
636900,NA,"o"
637200,NA,"p"
637500,NA,"o"
637800,NA,"o"
638100,NA,"o"
638400,NA,"o"
638632,405855.54319722,"o"
638700,NA,"o"
639000,NA,"p"
639300,NA,"o"
639600,NA,"o"
639900,NA,"o"
640200,NA,"o"
640500,NA,"o"
640800,NA,"p"
641080,402083.281391162,"o"
641100,NA,"o"
641400,NA,"o"
641700,NA,"o"
642000,NA,"o"
642300,NA,"o"
642600,NA,"p"
642723,400525.924696618,"o"
642900,NA,"o"
643200,NA,"o"
643500,NA,"o"
643800,NA,"o"
644100,NA,"o"
644400,NA,"p"
644565,401427.503256452,"o"
644700,NA,"o"
645000,NA,"o"
645300,NA,"o"
645600,NA,"o"
645900,NA,"o"
646200,NA,"p"
646500,NA,"o"
646800,NA,"o"
647100,NA,"o"
647124,403733.875669733,"o"
647400,NA,"o"
647700,NA,"o"
648000,NA,"p"
648300,NA,"o"
648600,NA,"o"
648900,NA,"o"
649200,NA,"o"
649500,NA,"o"
649696,405832.472460487,"o"
649800,NA,"p"
650100,NA,"o"
650400,NA,"o"
650700,NA,"o"
651000,NA,"o"
651300,NA,"o"
651600,NA,"p"
651849,408922.36124211,"o"
651900,NA,"o"
652200,NA,"o"
652500,NA,"o"
652800,NA,"o"
653100,NA,"o"
653400,NA,"p"
653700,NA,"o"
654000,NA,"o"
654300,NA,"o"
654576,411846.934145397,"o"
654600,NA,"o"
654900,NA,"o"
655200,NA,"p"
655500,NA,"o"
655800,NA,"o"
656100,NA,"o"
656400,NA,"o"
656700,NA,"o"
657000,NA,"p"
657186,414020.240046297,"o"
657300,NA,"o"
657600,NA,"o"
657900,NA,"o"
658200,NA,"o"
658500,NA,"o"
658800,NA,"p"
659100,NA,"o"
659101,415559.685396495,"o"
659400,NA,"o"
659700,NA,"o"
660000,NA,"o"
660300,NA,"o"
660600,NA,"p"
660900,NA,"o"
661200,NA,"o"
661201,418355.785319227,"o"
661500,NA,"o"
661800,NA,"o"
662100,NA,"o"
662400,NA,"p"
662700,NA,"o"
663000,NA,"o"
663300,NA,"o"
663532,421975.063732069,"o"
663600,NA,"o"
663900,NA,"o"
664200,NA,"p"
664500,NA,"o"
664800,NA,"o"
665100,NA,"o"
665400,NA,"o"
665700,NA,"o"
666000,NA,"p"
666300,NA,"o"
666598,427574.883513667,"o"
666600,NA,"o"
666900,NA,"o"
667200,NA,"o"
667500,NA,"o"
667800,NA,"p"
668100,NA,"o"
668400,NA,"o"
668700,NA,"o"
669000,NA,"o"
669042,431823.065277427,"o"
669300,NA,"o"
669600,NA,"p"
669900,NA,"o"
670159,434019.293475918,"o"
670200,NA,"o"
670500,NA,"o"
670800,NA,"o"
671100,NA,"o"
671400,NA,"p"
671700,NA,"o"
672000,NA,"o"
672300,NA,"o"
672600,NA,"o"
672719,438700.387306123,"o"
672900,NA,"o"
673200,NA,"p"
673500,NA,"o"
673800,NA,"o"
674100,NA,"o"
674400,NA,"o"
674700,NA,"o"
675000,NA,"p"
675300,NA,"o"
675344,443187.65282473,"o"
675600,NA,"o"
675900,NA,"o"
676200,NA,"o"
676500,NA,"o"
676800,NA,"p"
677100,NA,"o"
677400,NA,"o"
677700,NA,"o"
677789,446642.690239086,"o"
678000,NA,"o"
678300,NA,"o"
678600,NA,"p"
678900,NA,"o"
679200,NA,"o"
679500,NA,"o"
679800,NA,"o"
680100,NA,"o"
680400,NA,"p"
680630,451510.195155785,"o"
680700,NA,"o"
681000,NA,"o"
681300,NA,"o"
681600,NA,"o"
681900,NA,"o"
682200,NA,"p"
682500,NA,"o"
682800,NA,"o"
683100,NA,"o"
683129,455618.666429155,"o"
683400,NA,"o"
683700,NA,"o"
684000,NA,"p"
684300,NA,"o"
684600,NA,"o"
684900,NA,"o"
685200,NA,"o"
685500,NA,"o"
685800,NA,"p"
685978,460296.242407711,"o"
686100,NA,"o"
686400,NA,"o"
686700,NA,"o"
687000,NA,"o"
687300,NA,"o"
687600,NA,"p"
687900,NA,"o"
688200,NA,"o"
688351,463922.144732245,"o"
688500,NA,"o"
688800,NA,"o"
689100,NA,"o"
689400,NA,"p"
689700,NA,"o"
690000,NA,"o"
690300,NA,"o"
690600,NA,"o"
690742,464701.78251794,"o"
690900,NA,"o"
691200,NA,"p"
691500,NA,"o"
691800,NA,"o"
692100,NA,"o"
692400,NA,"o"
692700,NA,"o"
693000,NA,"p"
693300,NA,"o"
693600,NA,"o"
693781,462545.90329246,"o"
693900,NA,"o"
694200,NA,"o"
694500,NA,"o"
694800,NA,"p"
695100,NA,"o"
695400,NA,"o"
695700,NA,"o"
696000,NA,"o"
696300,NA,"o"
696476,459504.391801235,"o"
696600,NA,"p"
696900,NA,"o"
697200,NA,"o"
697500,NA,"o"
697800,NA,"o"
698100,NA,"o"
698400,NA,"p"
698700,NA,"o"
698964,457123.108354767,"o"
699000,NA,"o"
699300,NA,"o"
699600,NA,"o"
699900,NA,"o"
700200,NA,"p"
700500,NA,"o"
700800,NA,"o"
701100,NA,"o"
701223,456027.701150623,"o"
701400,NA,"o"
701700,NA,"o"
702000,NA,"p"
702300,NA,"o"
702600,NA,"o"
702900,NA,"o"
703200,NA,"o"
703500,NA,"o"
703518,454437.904224314,"o"
703800,NA,"p"
704100,NA,"o"
704400,NA,"o"
704700,NA,"o"
705000,NA,"o"
705300,NA,"o"
705600,NA,"p"
705625,452531.972043224,"o"
705900,NA,"o"
706200,NA,"o"
706500,NA,"o"
706800,NA,"o"
707100,NA,"o"
707400,NA,"p"
707700,NA,"o"
707959,451858.039297909,"o"
708000,NA,"o"
708300,NA,"o"
708600,NA,"o"
708900,NA,"o"
709200,NA,"p"
709346,451137.579698144,"o"
709500,NA,"o"
709800,NA,"o"
710100,NA,"o"
710400,NA,"o"
710700,NA,"o"
711000,NA,"p"
711300,NA,"o"
711597,449539.682424433,"o"
711600,NA,"o"
711900,NA,"o"
712200,NA,"o"
712500,NA,"o"
712800,NA,"p"
713100,NA,"o"
713400,NA,"o"
713700,NA,"o"
714000,NA,"o"
714300,NA,"o"
714306,446017.565766909,"o"
714600,NA,"p"
714900,NA,"o"
715200,NA,"o"
715500,NA,"o"
715800,NA,"o"
716100,NA,"o"
716400,NA,"p"
716700,NA,"o"
716843,442522.766365536,"o"
717000,NA,"o"
717300,NA,"o"
717600,NA,"o"
717850,440919.91809443,"o"
717900,NA,"o"
718200,NA,"p"
718500,NA,"o"
718800,NA,"o"
719100,NA,"o"
719400,NA,"o"
719700,NA,"o"
719987,438238.289139718,"o"
720000,NA,"p"
720300,NA,"o"
720600,NA,"o"
720900,NA,"o"
721200,NA,"o"
721500,NA,"o"
721639,436204.731622237,"o"
721800,NA,"p"
722100,NA,"o"
722400,NA,"o"
722700,NA,"o"
723000,NA,"o"
723300,NA,"o"
723600,NA,"p"
723791,432251.534846339,"o"
723900,NA,"o"
724200,NA,"o"
724500,NA,"o"
724800,NA,"o"
725100,NA,"o"
725400,NA,"p"
725530,429227.187957581,"o"
725700,NA,"o"
726000,NA,"o"
726300,NA,"o"
726600,NA,"o"
726900,NA,"o"
727200,NA,"p"
727500,NA,"o"
727800,NA,"o"
728041,424494.587536529,"o"
728100,NA,"o"
728400,NA,"o"
728700,NA,"o"
729000,NA,"p"
729300,NA,"o"
729600,NA,"o"
729900,NA,"o"
729999,421538.30894163,"o"
730200,NA,"o"
730500,NA,"o"
730800,NA,"p"
731100,NA,"o"
731400,NA,"o"
731700,NA,"o"
732000,NA,"o"
732017,418182.837791825,"o"
732300,NA,"o"
732600,NA,"p"
732900,NA,"o"
733200,NA,"o"
733500,NA,"o"
733800,NA,"o"
734100,NA,"o"
734400,NA,"p"
734465,414233.521317322,"o"
734700,NA,"o"
735000,NA,"o"
735300,NA,"o"
735600,NA,"o"
735900,NA,"o"
736200,NA,"p"
736500,NA,"o"
736519,410888.80192584,"o"
736800,NA,"o"
737100,NA,"o"
737400,NA,"o"
737700,NA,"o"
738000,NA,"p"
738300,NA,"o"
738421,408363.29637151,"o"
738600,NA,"o"
738900,NA,"o"
739200,NA,"o"
739500,NA,"o"
739800,NA,"p"
740100,NA,"o"
740400,NA,"o"
740488,404746.965205692,"o"
740700,NA,"o"
741000,NA,"o"
741300,NA,"o"
741600,NA,"p"
741900,NA,"o"
742200,NA,"o"
742500,NA,"o"
742522,401165.348349604,"o"
742800,NA,"o"
743100,NA,"o"
743400,NA,"p"
743700,NA,"o"
744000,NA,"o"
744300,NA,"o"
744600,NA,"o"
744690,397747.791341642,"o"
744900,NA,"o"
745200,NA,"p"
745500,NA,"o"
745800,NA,"o"
746100,NA,"o"
746400,NA,"o"
746700,NA,"o"
747000,NA,"p"
747191,394593.461469959,"o"
747300,NA,"o"
747600,NA,"o"
747900,NA,"o"
748200,NA,"o"
748500,NA,"o"
748800,NA,"p"
749100,NA,"o"
749400,NA,"o"
749578,390797.864536451,"o"
749700,NA,"o"
750000,NA,"o"
750300,NA,"o"
750600,NA,"p"
750900,NA,"o"
751200,NA,"o"
751500,NA,"o"
751800,NA,"o"
752092,388329.120121771,"o"
752100,NA,"o"
752400,NA,"p"
752700,NA,"o"
753000,NA,"o"
753300,NA,"o"
753600,NA,"o"
753900,NA,"o"
754200,NA,"p"
754500,NA,"o"
754800,NA,"o"
755100,NA,"o"
755364,387949.703575022,"o"
755400,NA,"o"
755700,NA,"o"
756000,NA,"p"
756300,NA,"o"
756600,NA,"o"
756900,NA,"o"
756998,386276.100862698,"o"
757200,NA,"o"
757500,NA,"o"
757800,NA,"p"
758100,NA,"o"
758400,NA,"o"
758700,NA,"o"
759000,NA,"o"
759300,NA,"o"
759315,383826.910666799,"o"
759600,NA,"p"
759900,NA,"o"
760200,NA,"o"
760268,382686.95524004,"o"
760500,NA,"o"
760800,NA,"o"
761100,NA,"o"
761400,NA,"p"
761700,NA,"o"
762000,NA,"o"
762034,381143.920692859,"o"
762300,NA,"o"
762600,NA,"o"
762900,NA,"o"
763200,NA,"p"
763500,NA,"o"
763800,NA,"o"
764100,NA,"o"
764400,NA,"o"
764443,380247.524248617,"o"
764700,NA,"o"
765000,NA,"p"
765300,NA,"o"
765600,NA,"o"
765900,NA,"o"
766200,NA,"o"
766500,NA,"o"
766800,NA,"p"
766802,381215.358993687,"o"
767100,NA,"o"
767400,NA,"o"
767700,NA,"o"
768000,NA,"o"
768300,NA,"o"
768600,NA,"p"
768748,383474.841787745,"o"
768900,NA,"o"
769200,NA,"o"
769500,NA,"o"
769800,NA,"o"
770100,NA,"o"
770400,NA,"p"
770640,382570.999745661,"o"
770700,NA,"o"
771000,NA,"o"
771300,NA,"o"
771600,NA,"o"
771900,NA,"o"
772200,NA,"p"
772500,NA,"o"
772800,NA,"o"
772964,380198.083942317,"o"
773100,NA,"o"
773400,NA,"o"
773700,NA,"o"
774000,NA,"p"
774300,NA,"o"
774600,NA,"o"
774900,NA,"o"
774973,378775.904695726,"o"
775200,NA,"o"
775500,NA,"o"
775800,NA,"p"
776100,NA,"o"
776400,NA,"o"
776700,NA,"o"
777000,NA,"o"
777300,NA,"o"
777378,375954.465506938,"o"
777600,NA,"p"
777900,NA,"o"
778200,NA,"o"
778500,NA,"o"
778800,NA,"o"
779100,NA,"o"
779400,NA,"p"
779700,NA,"o"
780000,NA,"o"
780080,372432.907950528,"o"
780300,NA,"o"
780600,NA,"o"
780900,NA,"o"
781200,NA,"p"
781500,NA,"o"
781800,NA,"o"
782100,NA,"o"
782400,NA,"o"
782424,369216.177682329,"o"
782700,NA,"o"
783000,NA,"p"
783300,NA,"o"
783600,NA,"o"
783900,NA,"o"
784200,NA,"o"
784500,NA,"o"
784800,NA,"p"
784954,365464.250482596,"o"
785100,NA,"o"
785400,NA,"o"
785700,NA,"o"
786000,NA,"o"
786300,NA,"o"
786600,NA,"p"
786900,NA,"o"
787200,NA,"o"
787477,362211.507411545,"o"
787500,NA,"o"
787800,NA,"o"
788100,NA,"o"
788400,NA,"p"
788700,NA,"o"
789000,NA,"o"
789300,NA,"o"
789600,NA,"o"
789604,359484.779222217,"o"
789900,NA,"o"
790200,NA,"p"
790500,NA,"o"
790800,NA,"o"
791100,NA,"o"
791400,NA,"o"
791700,NA,"o"
791911,355898.242648184,"o"
792000,NA,"p"
792300,NA,"o"
792600,NA,"o"
792900,NA,"o"
793200,NA,"o"
793500,NA,"o"
793800,NA,"p"
794100,NA,"o"
794375,352653.231651274,"o"
794400,NA,"o"
794700,NA,"o"
795000,NA,"o"
795300,NA,"o"
795600,NA,"p"
795900,NA,"o"
796200,NA,"o"
796338,350365.133231816,"o"
796500,NA,"o"
796800,NA,"o"
797100,NA,"o"
797400,NA,"p"
797700,NA,"o"
798000,NA,"o"
798267,348240.489642258,"o"
798300,NA,"o"
798600,NA,"o"
798900,NA,"o"
799200,NA,"p"
799500,NA,"o"
799800,NA,"o"
800100,NA,"o"
800199,349761.190505424,"o"
800400,NA,"o"
800700,NA,"o"
801000,NA,"p"
801300,NA,"o"
801600,NA,"o"
801900,NA,"o"
802200,NA,"o"
802500,NA,"o"
802597,352958.159775196,"o"
802800,NA,"p"
803100,NA,"o"
803400,NA,"o"
803700,NA,"o"
804000,NA,"o"
804300,NA,"o"
804338,354833.000130058,"o"
804600,NA,"p"
804900,NA,"o"
805200,NA,"o"
805500,NA,"o"
805800,NA,"o"
806100,NA,"o"
806217,357853.384752669,"o"
806400,NA,"p"
806700,NA,"o"
807000,NA,"o"
807300,NA,"o"
807600,NA,"o"
807900,NA,"o"
808200,NA,"p"
808412,360817.478636973,"o"
808500,NA,"o"
808800,NA,"o"
809100,NA,"o"
809400,NA,"o"
809700,NA,"o"
810000,NA,"p"
810300,NA,"o"
810437,363667.549538903,"o"
810600,NA,"o"
810900,NA,"o"
811200,NA,"o"
811500,NA,"o"
811800,NA,"p"
812100,NA,"o"
812400,NA,"o"
812700,NA,"o"
812810,366971.973347321,"o"
813000,NA,"o"
813300,NA,"o"
813600,NA,"p"
813900,NA,"o"
814200,NA,"o"
814482,369789.692968253,"o"
814500,NA,"o"
814800,NA,"o"
815100,NA,"o"
815400,NA,"p"
815700,NA,"o"
816000,NA,"o"
816300,NA,"o"
816600,NA,"o"
816873,372199.141402143,"o"
816900,NA,"o"
817200,NA,"p"
817500,NA,"o"
817800,NA,"o"
818100,NA,"o"
818400,NA,"o"
818700,NA,"o"
819000,NA,"p"
819185,373875.876363242,"o"
819300,NA,"o"
819600,NA,"o"
819900,NA,"o"
820200,NA,"o"
820500,NA,"o"
820800,NA,"p"
821043,374981.985153753,"o"
821100,NA,"o"
821400,NA,"o"
821700,NA,"o"
822000,NA,"o"
822300,NA,"o"
822600,NA,"p"
822900,NA,"o"
823050,371635.826952408,"o"
823200,NA,"o"
823500,NA,"o"
823800,NA,"o"
824100,NA,"o"
824400,NA,"p"
824700,NA,"o"
825000,NA,"o"
825300,NA,"o"
825600,NA,"o"
825688,367016.253664841,"o"
825900,NA,"o"
826200,NA,"p"
826500,NA,"o"
826800,NA,"o"
827100,NA,"o"
827400,NA,"o"
827625,367585.425394761,"o"
827700,NA,"o"
828000,NA,"p"
828300,NA,"o"
828600,NA,"o"
828900,NA,"o"
829200,NA,"o"
829500,NA,"o"
829800,NA,"p"
829899,368247.088516259,"o"
830100,NA,"o"
830400,NA,"o"
830700,NA,"o"
831000,NA,"o"
831300,NA,"o"
831600,NA,"p"
831900,NA,"o"
832183,370856.915650538,"o"
832200,NA,"o"
832500,NA,"o"
832800,NA,"o"
833100,NA,"o"
833400,NA,"p"
833700,NA,"o"
834000,NA,"o"
834033,373244.032637159,"o"
834300,NA,"o"
834600,NA,"o"
834900,NA,"o"
835200,NA,"p"
835500,NA,"o"
835800,NA,"o"
836100,NA,"o"
836281,376297.855833289,"o"
836400,NA,"o"
836700,NA,"o"
837000,NA,"p"
837300,NA,"o"
837600,NA,"o"
837900,NA,"o"
838200,NA,"o"
838500,NA,"o"
838502,377617.138528062,"o"
838800,NA,"p"
839100,NA,"o"
839400,NA,"o"
839700,NA,"o"
840000,NA,"o"
840300,NA,"o"
840600,NA,"p"
840725,378823.038651391,"o"
840900,NA,"o"
841200,NA,"o"
841500,NA,"o"
841800,NA,"o"
842100,NA,"o"
842400,NA,"p"
842700,NA,"o"
842796,380241.613409727,"o"
843000,NA,"o"
843300,NA,"o"
843600,NA,"o"
843900,NA,"o"
844200,NA,"p"
844500,NA,"o"
844800,NA,"o"
845100,NA,"o"
845400,NA,"o"
845700,NA,"o"
846000,NA,"p"
846248,380928.387106023,"o"
846300,NA,"o"
846600,NA,"o"
846900,NA,"o"
847200,NA,"o"
847500,NA,"o"
847800,NA,"p"
848100,NA,"o"
848400,NA,"o"
848700,NA,"o"
849000,NA,"o"
849300,NA,"o"
849384,383504.093147674,"o"
849600,NA,"p"
849900,NA,"o"
850200,NA,"o"
850500,NA,"o"
850800,NA,"o"
851100,NA,"o"
851400,NA,"p"
851700,NA,"o"
852000,NA,"o"
852300,NA,"o"
852484,386066.219698987,"o"
852600,NA,"o"
852900,NA,"o"
853200,NA,"p"
853500,NA,"o"
853800,NA,"o"
854100,NA,"o"
854400,NA,"o"
854700,NA,"o"
854946,388525.762477546,"o"
855000,NA,"p"
855300,NA,"o"
855600,NA,"o"
855900,NA,"o"
856200,NA,"o"
856500,NA,"o"
856800,NA,"p"
857100,NA,"o"
857400,NA,"o"
857700,NA,"o"
857852,391541.028715926,"o"
858000,NA,"o"
858300,NA,"o"
858600,NA,"p"
858900,NA,"o"
859200,NA,"o"
859500,NA,"o"
859800,NA,"o"
860100,NA,"o"
860400,NA,"p"
860530,393888.432119653,"o"
860700,NA,"o"
861000,NA,"o"
861300,NA,"o"
861600,NA,"o"
861900,NA,"o"
862200,NA,"p"
862500,NA,"o"
862800,NA,"o"
863100,NA,"o"
863332,395455.37700471,"o"
863400,NA,"o"
863700,NA,"o"
864000,NA,"p"
864300,NA,"o"
864600,NA,"o"
864900,NA,"o"
865200,NA,"o"
865500,NA,"o"
865800,NA,"p"
866071,397374.044896913,"o"
866100,NA,"o"
866400,NA,"o"
866700,NA,"o"
867000,NA,"o"
867300,NA,"o"
867600,NA,"p"
867900,NA,"o"
868085,397790.736932349,"o"
868200,NA,"o"
868500,NA,"o"
868800,NA,"o"
869100,NA,"o"
869400,NA,"p"
869700,NA,"o"
870000,NA,"o"
870300,NA,"o"
870600,NA,"o"
870800,395221.301363951,"o"
870900,NA,"o"
871200,NA,"p"
871500,NA,"o"
871800,NA,"o"
872100,NA,"o"
872400,NA,"o"
872700,NA,"o"
873000,NA,"p"
873300,NA,"o"
873472,391887.577247917,"o"
873600,NA,"o"
873900,NA,"o"
874200,NA,"o"
874500,NA,"o"
874800,NA,"p"
875100,NA,"o"
875400,NA,"o"
875700,NA,"o"
876000,NA,"o"
876218,388255.938303361,"o"
876300,NA,"o"
876600,NA,"p"
876900,NA,"o"
877200,NA,"o"
877500,NA,"o"
877800,NA,"o"
878100,NA,"o"
878400,NA,"p"
878700,NA,"o"
879000,NA,"o"
879045,384795.266023951,"o"
879300,NA,"o"
879600,NA,"o"
879900,NA,"o"
880200,NA,"p"
880500,NA,"o"
880800,NA,"o"
881100,NA,"o"
881281,382431.195730182,"o"
881400,NA,"o"
881700,NA,"o"
882000,NA,"p"
882300,NA,"o"
882600,NA,"o"
882900,NA,"o"
883200,NA,"o"
883500,NA,"o"
883545,381694.341055597,"o"
883800,NA,"p"
884100,NA,"o"
884400,NA,"o"
884700,NA,"o"
884706,383069.936502619,"o"
885000,NA,"o"
885300,NA,"o"
885600,NA,"p"
885900,NA,"o"
885901,383690.98412446,"o"
886200,NA,"o"
886500,NA,"o"
886800,NA,"o"
887100,NA,"o"
887183,384148.809316161,"o"
887400,NA,"p"
887700,NA,"o"
888000,NA,"o"
888300,NA,"o"
888600,NA,"o"
888900,NA,"o"
889043,384815.004358344,"o"
889200,NA,"p"
889500,NA,"o"
889800,NA,"o"
890100,NA,"o"
890400,NA,"o"
890666,385260.801519823,"o"
890700,NA,"o"
891000,NA,"p"
891300,NA,"o"
891600,NA,"o"
891900,NA,"o"
892200,NA,"o"
892500,NA,"o"
892800,NA,"p"
893011,384999.007768752,"o"
893100,NA,"o"
893400,NA,"o"
893700,NA,"o"
894000,NA,"o"
894300,NA,"o"
894600,NA,"p"
894756,385381.877177437,"o"
894900,NA,"o"
895200,NA,"o"
895500,NA,"o"
895800,NA,"o"
896100,NA,"o"
896400,NA,"p"
896700,NA,"o"
896729,383951.022594661,"o"
897000,NA,"o"
897300,NA,"o"
897600,NA,"o"
897900,NA,"o"
898200,NA,"p"
898500,NA,"o"
898755,383304.964775734,"o"
898800,NA,"o"
899100,NA,"o"
899400,NA,"o"
899700,NA,"o"
9e+05,NA,"p"
900300,NA,"o"
900600,NA,"o"
900900,NA,"o"
901200,NA,"o"
901437,381693.761662846,"o"
901500,NA,"o"
901800,NA,"p"
902100,NA,"o"
902400,NA,"o"
902700,NA,"o"
903000,NA,"o"
903300,NA,"o"
903600,NA,"p"
903695,380094.715943039,"o"
903900,NA,"o"
904200,NA,"o"
904500,NA,"o"
904800,NA,"o"
905100,NA,"o"
905400,NA,"p"
905463,379024.403998168,"o"
905700,NA,"o"
906000,NA,"o"
906300,NA,"o"
906600,NA,"o"
906900,NA,"o"
907200,NA,"p"
907500,NA,"o"
907501,376893.300699229,"o"
907800,NA,"o"
908100,NA,"o"
908400,NA,"o"
908700,NA,"o"
909000,NA,"p"
909300,NA,"o"
909600,NA,"o"
909643,375014.989022174,"o"
909900,NA,"o"
910200,NA,"o"
910500,NA,"o"
910800,NA,"p"
911100,NA,"o"
911400,NA,"o"
911700,NA,"o"
911702,374103.129131019,"o"
912000,NA,"o"
912300,NA,"o"
912600,NA,"p"
912900,NA,"o"
913200,NA,"o"
913500,NA,"o"
913800,NA,"o"
914100,NA,"o"
914400,NA,"p"
914700,NA,"o"
915000,NA,"o"
915300,NA,"o"
915600,NA,"o"
915900,NA,"o"
916200,NA,"p"
916500,NA,"o"
916800,NA,"o"
917100,NA,"o"
917400,NA,"o"
917700,NA,"o"
918000,NA,"p"
918300,NA,"o"
918600,NA,"o"
918900,NA,"o"
919200,NA,"o"
919500,NA,"o"
919800,NA,"p"
920100,NA,"o"
920400,NA,"o"
920700,NA,"o"
921000,NA,"o"
921300,NA,"o"
921600,NA,"p"
921900,NA,"o"
922200,NA,"o"
922500,NA,"o"
922800,NA,"o"
923100,NA,"o"
923400,NA,"p"
923700,NA,"o"
924000,NA,"o"
924300,NA,"o"
924600,NA,"o"
924900,NA,"o"
925200,NA,"p"
925500,NA,"o"
925800,NA,"o"
926100,NA,"o"
926400,NA,"o"
926700,NA,"o"
927000,NA,"p"
927300,NA,"o"
927600,NA,"o"
927900,NA,"o"
928200,NA,"o"
928500,NA,"o"
928800,NA,"p"
929100,NA,"o"
929400,NA,"o"
929700,NA,"o"
930000,NA,"o"
930300,NA,"o"
930600,NA,"p"
930900,NA,"o"
931200,NA,"o"
931500,NA,"o"
931800,NA,"o"
932100,NA,"o"
932400,NA,"p"
932700,NA,"o"
933000,NA,"o"
933300,NA,"o"
933600,NA,"o"
933900,NA,"o"
934200,NA,"p"
934500,NA,"o"
934800,NA,"o"
935100,NA,"o"
935400,NA,"o"
935700,NA,"o"
936000,NA,"p"
936300,NA,"o"
936600,NA,"o"
936900,NA,"o"
937200,NA,"o"
937500,NA,"o"
937800,NA,"p"
938100,NA,"o"
938400,NA,"o"
938700,NA,"o"
939000,NA,"o"
939300,NA,"o"
939600,NA,"p"
939900,NA,"o"
940200,NA,"o"
940500,NA,"o"
940800,NA,"o"
941100,NA,"o"
941400,NA,"p"
941700,NA,"o"
942000,NA,"o"
942300,NA,"o"
942600,NA,"o"
942900,NA,"o"
943200,NA,"p"
943500,NA,"o"
943800,NA,"o"
944100,NA,"o"
944400,NA,"o"
944700,NA,"o"
945000,NA,"p"
945300,NA,"o"
945600,NA,"o"
945900,NA,"o"
946200,NA,"o"
946500,NA,"o"
946800,NA,"p"
947100,NA,"o"
947400,NA,"o"
947700,NA,"o"
948000,NA,"o"
948300,NA,"o"
948600,NA,"p"
948900,NA,"o"
949200,NA,"o"
949500,NA,"o"
949800,NA,"o"
950100,NA,"o"
950400,NA,"p"
950700,NA,"o"
951000,NA,"o"
951300,NA,"o"
951600,NA,"o"
951900,NA,"o"
952200,NA,"p"
952500,NA,"o"
952800,NA,"o"
953100,NA,"o"
953400,NA,"o"
953700,NA,"o"
954000,NA,"p"
954300,NA,"o"
954600,NA,"o"
954900,NA,"o"
955200,NA,"o"
955500,NA,"o"
955800,NA,"p"
956100,NA,"o"
956400,NA,"o"
956700,NA,"o"
957000,NA,"o"
957300,NA,"o"
957600,NA,"p"
957900,NA,"o"
958200,NA,"o"
958500,NA,"o"
958800,NA,"o"
959100,NA,"o"
959400,NA,"p"
959700,NA,"o"
960000,NA,"o"
960300,NA,"o"
960600,NA,"o"
960900,NA,"o"
961200,NA,"p"
961500,NA,"o"
961800,NA,"o"
962100,NA,"o"
962400,NA,"o"
962700,NA,"o"
963000,NA,"p"
963300,NA,"o"
963600,NA,"o"
963900,NA,"o"
964200,NA,"o"
964500,NA,"o"
964800,NA,"p"
965100,NA,"o"
965400,NA,"o"
965700,NA,"o"
966000,NA,"o"
966300,NA,"o"
966600,NA,"p"
966900,NA,"o"
967200,NA,"o"
967500,NA,"o"
967800,NA,"o"
968100,NA,"o"
968400,NA,"p"
968700,NA,"o"
969000,NA,"o"
969300,NA,"o"
969600,NA,"o"
969900,NA,"o"
970200,NA,"p"
970500,NA,"o"
970800,NA,"o"
971100,NA,"o"
971400,NA,"o"
971700,NA,"o"
972000,NA,"p"
972300,NA,"o"
972600,NA,"o"
972900,NA,"o"
973200,NA,"o"
973500,NA,"o"
973800,NA,"p"
974100,NA,"o"
974400,NA,"o"
974700,NA,"o"
975000,NA,"o"
975300,NA,"o"
975600,NA,"p"
975900,NA,"o"
976200,NA,"o"
976500,NA,"o"
976800,NA,"o"
977100,NA,"o"
977400,NA,"p"
977700,NA,"o"
978000,NA,"o"
978300,NA,"o"
978600,NA,"o"
978900,NA,"o"
979200,NA,"p"
979500,NA,"o"
979800,NA,"o"
980100,NA,"o"
980400,NA,"o"
980700,NA,"o"
981000,NA,"p"
981300,NA,"o"
981600,NA,"o"
981900,NA,"o"
982200,NA,"o"
982500,NA,"o"
982800,NA,"p"
983100,NA,"o"
983400,NA,"o"
983700,NA,"o"
984000,NA,"o"
984300,NA,"o"
984600,NA,"p"
984900,NA,"o"
985200,NA,"o"
985500,NA,"o"
985800,NA,"o"
986100,NA,"o"
986400,NA,"p"
986700,NA,"o"
987000,NA,"o"
987300,NA,"o"
987600,NA,"o"
987900,NA,"o"
988200,NA,"p"
988500,NA,"o"
988800,NA,"o"
989100,NA,"o"
989400,NA,"o"
989700,NA,"o"
990000,NA,"p"
990300,NA,"o"
990600,NA,"o"
990900,NA,"o"
991200,NA,"o"
991500,NA,"o"
991800,NA,"p"
992100,NA,"o"
992400,NA,"o"
992700,NA,"o"
993000,NA,"o"
993300,NA,"o"
993600,NA,"p"
993900,NA,"o"
994200,NA,"o"
994500,NA,"o"
994800,NA,"o"
995100,NA,"o"
995400,NA,"p"
995700,NA,"o"
996000,NA,"o"
996300,NA,"o"
996600,NA,"o"
996900,NA,"o"
997200,NA,"p"
997500,NA,"o"
997800,NA,"o"
998100,NA,"o"
998400,NA,"o"
998700,NA,"o"
999000,NA,"p"
999242,374555.953372633,"o"
999300,NA,"o"
999600,NA,"o"
999900,NA,"o"
1000200,NA,"o"
1000500,NA,"o"
1000800,NA,"p"
1001100,NA,"o"
1001400,NA,"o"
1001700,NA,"o"
1002000,NA,"o"
1002300,NA,"o"
1002600,NA,"p"
1002900,NA,"o"
1003200,NA,"o"
1003500,NA,"o"
1003800,NA,"o"
1004100,NA,"o"
1004400,NA,"p"
1004700,NA,"o"
1005000,NA,"o"
1005300,NA,"o"
1005600,NA,"o"
1005900,NA,"o"
1006200,NA,"p"
1006500,NA,"o"
1006800,NA,"o"
1007100,NA,"o"
1007400,NA,"o"
1007700,NA,"o"
1008000,NA,"p"
1008300,NA,"o"
1008600,NA,"o"
1008900,NA,"o"
1009200,NA,"o"
1009500,NA,"o"
1009800,NA,"p"
1010100,NA,"o"
1010400,NA,"o"
1010700,NA,"o"
1011000,NA,"o"
1011300,NA,"o"
1011600,NA,"p"
1011900,NA,"o"
1012200,NA,"o"
1012500,NA,"o"
1012800,NA,"o"
1013100,NA,"o"
1013400,NA,"p"
1013700,NA,"o"
1014000,NA,"o"
1014300,NA,"o"
1014600,NA,"o"
1014900,NA,"o"
1015200,NA,"p"
1015500,NA,"o"
1015800,NA,"o"
1016100,NA,"o"
1016400,NA,"o"
1016700,NA,"o"
1017000,NA,"p"
1017300,NA,"o"
1017600,NA,"o"
1017900,NA,"o"
1018200,NA,"o"
1018500,NA,"o"
1018800,NA,"p"
1019100,NA,"o"
1019400,NA,"o"
1019700,NA,"o"
1020000,NA,"o"
1020300,NA,"o"
1020600,NA,"p"
1020900,NA,"o"
1021200,NA,"o"
1021500,NA,"o"
1021800,NA,"o"
1022100,NA,"o"
1022400,NA,"p"
1022700,NA,"o"
1023000,NA,"o"
1023300,NA,"o"
1023600,NA,"o"
1023900,NA,"o"
1024200,NA,"p"
1024500,NA,"o"
1024800,NA,"o"
1025100,NA,"o"
1025400,NA,"o"
1025700,NA,"o"
1026000,NA,"p"
1026300,NA,"o"
1026600,NA,"o"
1026900,NA,"o"
1027200,NA,"o"
1027500,NA,"o"
1027800,NA,"p"
1028100,NA,"o"
1028400,NA,"o"
1028700,NA,"o"
1029000,NA,"o"
1029300,NA,"o"
1029600,NA,"p"
1029900,NA,"o"
1030200,NA,"o"
1030500,NA,"o"
1030800,NA,"o"
1031100,NA,"o"
1031400,NA,"p"
1031700,NA,"o"
1032000,NA,"o"
1032300,NA,"o"
1032600,NA,"o"
1032900,NA,"o"
1033200,NA,"p"
1033500,NA,"o"
1033800,NA,"o"
1034100,NA,"o"
1034400,NA,"o"
1034700,NA,"o"
1035000,NA,"p"
1035300,NA,"o"
1035600,NA,"o"
1035900,NA,"o"
1036200,NA,"o"
1036500,NA,"o"
1036800,NA,"p"
1037100,NA,"o"
1037400,NA,"o"
1037700,NA,"o"
1038000,NA,"o"
1038300,NA,"o"
1038600,NA,"p"
1038900,NA,"o"
1039200,NA,"o"
1039500,NA,"o"
1039800,NA,"o"
1040100,NA,"o"
1040400,NA,"p"
1040700,NA,"o"
1041000,NA,"o"
1041300,NA,"o"
1041600,NA,"o"
1041900,NA,"o"
1042200,NA,"p"
1042500,NA,"o"
1042800,NA,"o"
1043100,NA,"o"
1043400,NA,"o"
1043700,NA,"o"
1044000,NA,"p"
1044300,NA,"o"
1044600,NA,"o"
1044674,404044.059139784,"o"
1044900,NA,"o"
1044963,403826.291351544,"o"
1045200,NA,"o"
1045500,NA,"o"
1045800,NA,"p"
1046100,NA,"o"
1046400,NA,"o"
1046700,NA,"o"
1046755,403771.611719201,"o"
1047000,NA,"o"
1047063,403671.794783376,"o"
1047300,NA,"o"
1047600,NA,"p"
1047900,NA,"o"
1048200,NA,"o"
1048500,NA,"o"
1048800,NA,"o"
1049100,NA,"o"
1049400,NA,"p"
1049432,402781.644785694,"o"
1049700,NA,"o"
1049761,402513.837275357,"o"
1050000,NA,"o"
1050300,NA,"o"
1050600,NA,"o"
1050900,NA,"o"
1051200,NA,"p"
1051500,NA,"o"
1051800,NA,"o"
1051858,400646.251226652,"o"
1052100,NA,"o"
1052231,400012.719620278,"o"
1052400,NA,"o"
1052700,NA,"o"
1053000,NA,"p"
1053300,NA,"o"
1053600,NA,"o"
1053900,NA,"o"
1054200,NA,"o"
1054382,397810.860024626,"o"
1054500,NA,"o"
1054680,397575.322109287,"o"
1054800,NA,"p"
1055100,NA,"o"
1055400,NA,"o"
1055700,NA,"o"
1056000,NA,"o"
1056300,NA,"o"
1056600,NA,"p"
1056900,NA,"o"
1057200,NA,"o"
1057500,NA,"o"
1057644,395791.040024135,"o"
1057800,NA,"o"
1057980,395508.547913786,"o"
1058100,NA,"o"
1058400,NA,"p"
1058700,NA,"o"
1059000,NA,"o"
1059300,NA,"o"
1059600,NA,"o"
1059900,NA,"o"
1060200,NA,"p"
1060500,NA,"o"
1060618,392740.688283739,"o"
1060800,NA,"o"
1060922,392388.557843077,"o"
1061100,NA,"o"
1061400,NA,"o"
1061700,NA,"o"
1062000,NA,"p"
1062127,390750.11880846,"o"
1062300,NA,"o"
1062600,NA,"o"
1062900,NA,"o"
1063200,NA,"o"
1063442,389195.654604785,"o"
1063500,NA,"o"
1063800,NA,"p"
1064100,NA,"o"
1064400,NA,"o"
1064700,NA,"o"
1065000,NA,"o"
1065300,NA,"o"
1065600,NA,"p"
1065900,NA,"o"
1065952,386311.265028843,"o"
1066200,NA,"o"
1066261,386145.787730187,"o"
1066500,NA,"o"
1066800,NA,"o"
1067100,NA,"o"
1067400,NA,"p"
1067700,NA,"o"
1068000,NA,"o"
1068300,NA,"o"
1068600,NA,"o"
1068697,383253.266215776,"o"
1068900,NA,"o"
1069022,383038.449114899,"o"
1069200,NA,"p"
1069500,NA,"o"
1069800,NA,"o"
1070100,NA,"o"
1070400,NA,"o"
1070700,NA,"o"
1070893,380373.619892516,"o"
1071000,NA,"p"
1071185,380305.638309353,"o"
1071300,NA,"o"
1071600,NA,"o"
1071900,NA,"o"
1072200,NA,"o"
1072500,NA,"o"
1072800,NA,"p"
1072893,377894.057555784,"o"
1073100,NA,"o"
1073222,377756.328202474,"o"
1073400,NA,"o"
1073700,NA,"o"
1074000,NA,"o"
1074300,NA,"o"
1074600,NA,"p"
1074900,NA,"o"
1075200,NA,"o"
1075500,NA,"o"
1075621,375763.358125034,"o"
1075800,NA,"o"
1075920,375702.835370212,"o"
1076100,NA,"o"
1076400,NA,"p"
1076700,NA,"o"
1077000,NA,"o"
1077149,375232.005532455,"o"
1077300,NA,"o"
1077483,375012.30621482,"o"
1077600,NA,"o"
1077900,NA,"o"
1078200,NA,"p"
1078500,NA,"o"
1078800,NA,"o"
1079100,NA,"o"
1079377,373333.287425624,"o"
1079400,NA,"o"
1079700,NA,"o"
1079703,373292.054145654,"o"
1080000,NA,"p"
1080300,NA,"o"
1080600,NA,"o"
1080900,NA,"o"
1081200,NA,"o"
1081500,NA,"o"
1081680,372660.658174342,"o"
1081800,NA,"p"
1081981,372747.156745944,"o"
1082100,NA,"o"
1082400,NA,"o"
1082700,NA,"o"
1083000,NA,"o"
1083300,NA,"o"
1083600,NA,"p"
1083900,NA,"o"
1083969,372923.453720932,"o"
1084200,NA,"o"
1084268,372999.551746788,"o"
1084500,NA,"o"
1084800,NA,"o"
1085100,NA,"o"
1085400,NA,"p"
1085700,NA,"o"
1086000,NA,"o"
1086300,NA,"o"
1086315,374103.381718279,"o"
1086600,374180.79544612,"o"
1086900,NA,"o"
1087200,NA,"p"
1087500,NA,"o"
1087800,NA,"o"
1088100,NA,"o"
1088400,NA,"o"
1088700,NA,"o"
1088880,375435.256095309,"o"
1089000,NA,"p"
1089241,375701.192020897,"o"
1089300,NA,"o"
1089600,NA,"o"
1089900,NA,"o"
1090200,NA,"o"
1090500,NA,"o"
1090800,NA,"p"
1091100,NA,"o"
1091400,NA,"o"
1091677,377764.43385446,"o"
1091700,NA,"o"
1092000,377924.592739505,"o"
1092300,NA,"o"
1092600,NA,"p"
1092900,NA,"o"
1093200,NA,"o"
1093500,NA,"o"
1093735,378694.358735028,"o"
1093800,NA,"o"
1094040,378647.006829121,"o"
1094100,NA,"o"
1094400,NA,"p"
1094700,NA,"o"
1095000,NA,"o"
1095300,NA,"o"
1095600,NA,"o"
1095900,NA,"o"
1096089,377958.17524646,"o"
1096200,NA,"p"
1096382,377831.734759767,"o"
1096500,NA,"o"
1096800,NA,"o"
1097100,NA,"o"
1097400,NA,"o"
1097700,NA,"o"
1098000,NA,"p"
1098300,NA,"o"
1098544,376164.754443326,"o"
1098600,NA,"o"
1098900,NA,"o"
1099200,NA,"o"
1099500,NA,"o"
1099534,375492.847376695,"o"
1099800,NA,"p"
1100100,NA,"o"
1100400,NA,"o"
1100700,NA,"o"
1101000,NA,"o"
1101300,NA,"o"
1101600,NA,"p"
1101900,NA,"o"
1102200,NA,"o"
1102334,372157.12783777,"o"
1102500,NA,"o"
1102621,371833.500801053,"o"
1102800,NA,"o"
1103100,NA,"o"
1103400,NA,"p"
1103700,NA,"o"
1104000,NA,"o"
1104300,NA,"o"
1104600,NA,"o"
1104900,NA,"o"
1105200,NA,"p"
1105433,367707.780033327,"o"
1105500,NA,"o"
1105743,367422.727918698,"o"
1105800,NA,"o"
1106100,NA,"o"
1106400,NA,"o"
1106700,NA,"o"
1107000,NA,"p"
1107300,NA,"o"
1107600,NA,"o"
1107900,NA,"o"
1108200,NA,"o"
1108500,NA,"o"
1108705,363746.074887047,"o"
1108800,NA,"p"
1109041,363539.900202634,"o"
1109100,NA,"o"
1109400,NA,"o"
1109700,NA,"o"
1110000,NA,"o"
1110300,NA,"o"
1110600,NA,"p"
1110900,NA,"o"
1111200,NA,"o"
1111500,NA,"o"
1111558,361360.629607046,"o"
1111800,NA,"o"
1111861,361244.20201227,"o"
1112100,NA,"o"
1112400,NA,"p"
1112700,NA,"o"
1113000,NA,"o"
1113300,NA,"o"
1113600,NA,"o"
1113900,NA,"o"
1114200,NA,"p"
1114500,NA,"o"
1114542,358945.561248506,"o"
1114800,NA,"o"
1114860,359022.850200594,"o"
1115100,NA,"o"
1115400,NA,"o"
1115700,NA,"o"
1116000,NA,"p"
1116049,358002.784693025,"o"
1116300,NA,"o"
1116363,358060.906818472,"o"
1116600,NA,"o"
1116900,NA,"o"
1117200,NA,"o"
1117500,NA,"o"
1117800,NA,"p"
1118100,NA,"o"
1118400,NA,"o"
1118511,356001.240115307,"o"
1118700,NA,"o"
1118824,355863.614540512,"o"
1119000,NA,"o"
1119300,NA,"o"
1119600,NA,"p"
1119900,NA,"o"
1120200,NA,"o"
1120500,NA,"o"
1120800,NA,"o"
1121100,NA,"o"
1121221,355184.863090176,"o"
1121400,NA,"p"
1121520,355294.42059298,"o"
1121700,NA,"o"
1122000,NA,"o"
1122300,NA,"o"
1122600,NA,"o"
1122900,NA,"o"
1123200,NA,"p"
1123500,NA,"o"
1123800,NA,"o"
1124100,NA,"o"
1124338,356041.698006682,"o"
1124400,NA,"o"
1124640,356161.460216384,"o"
1124700,NA,"o"
1125000,NA,"p"
1125300,NA,"o"
1125600,NA,"o"
1125900,NA,"o"
1126200,NA,"o"
1126500,NA,"o"
1126800,NA,"p"
1126988,357614.796246279,"o"
1127100,NA,"o"
1127282,357597.099707282,"o"
1127400,NA,"o"
1127700,NA,"o"
1128000,NA,"o"
1128300,NA,"o"
1128600,NA,"p"
